"Sweep","GRF0SumVN","GRF0SumMLN","GRF0SumHzN"
28706,0.323031339260739,-0.0809430333666334,0.0718685802197802
28707,0.375001539260739,-0.0781954333666334,0.0900017802197802
28708,0.400986639260739,-0.0603360333666334,0.100579480219780
28709,0.402391239260739,-0.0369814333666334,0.108134980219780
28710,0.382726839260739,-0.0122530333666334,0.112668280219780
28711,0.346207239260739,0.0111015666333666,0.111157180219780
28712,0.285809439260739,0.0344561666333666,0.105112780219780
28713,0.215579439260739,0.0468203666333666,0.0930239802197802
28714,0.141837939260739,0.0481941666333666,0.0809351802197802
28715,0.0638826392607393,0.0426989666333666,0.0643130802197802
28716,-0.0112634607392607,0.0330823666333666,0.0386243802197802
28717,-0.0765773607392607,0.0234657666333666,0.0144467802197802
28718,-0.129952160739261,0.00835396663336663,-0.00217531978021978
28719,-0.163662560739261,-0.00263643336663337,-0.0187974197802198
28720,-0.171387860739261,-0.0108792333666334,-0.0308862197802198
28721,-0.152425760739261,-0.00950543336663336,-0.0369306197802198
28722,-0.107478560739261,-0.00126263336663337,-0.0384417197802198
28723,-0.0414623607392607,0.0124753666333666,-0.0369306197802198
28724,0.0322791392607393,0.0317085666333666,-0.0323973197802198
28725,0.111639039260739,0.0536893666333666,-0.0248418197802198
28726,0.194510439260739,0.0646797666333666,-0.0127530197802198
28727,0.273168039260739,0.0674273666333666,-0.00066421978021978
28728,0.341993439260739,0.0633059666333666,0.0129356802197802
28729,0.391154439260739,0.0481941666333666,0.0265355802197802
28730,0.423460239260739,0.0248395666333666,0.0446687802197802
28731,0.430483239260739,0.00148496663336663,0.0567575802197802
28732,0.415734939260739,-0.0177482333666334,0.0612908802197802
28733,0.379917639260739,-0.0397290333666334,0.0703574802197802
28734,0.325138239260739,-0.0493456333666334,0.0688463802197802
28735,0.256312839260739,-0.0479718333666334,0.0612908802197802
28736,0.179762139260739,-0.0369814333666334,0.0537353802197802
28737,0.103211439260739,-0.0259910333666334,0.0461798802197802
28738,0.0322791392607393,-0.00813163336663337,0.0416465802197802
28739,-0.0330347607392607,0.00698016663336663,0.0340910802197802
28740,-0.0836003607392607,0.0165967666333666,0.0250244802197802
28741,-0.120119960739261,0.0220919666333666,0.0189800802197802
28742,-0.138379760739261,0.0124753666333666,0.0235133802197802
28743,-0.132761360739261,-0.00401023336663337,0.0265355802197802
28744,-0.109585460739261,-0.0259910333666334,0.0295577802197802
28745,-0.0653405607392607,-0.0507194333666334,0.0401354802197802
28746,-0.00634736073926074,-0.0699526333666334,0.0507131802197802
28747,0.0666918392607393,-0.0823168333666334,0.0628019802197802
28748,0.143944839260739,-0.0878120333666334,0.0688463802197802
28749,0.224007039260739,-0.0809430333666334,0.0733796802197802
28750,0.299153139260739,-0.0672050333666334,0.0839573802197802
28751,0.359550939260739,-0.0424766333666334,0.0854684802197802
28752,0.408009639260739,-0.0122530333666334,0.0824462802197802
28753,0.433292439260739,0.0124753666333666,0.0764018802197802
28754,0.434697039260739,0.0330823666333666,0.0673352802197802
28755,0.412223439260739,0.0454465666333666,0.0658241802197802
28756,0.365871639260739,0.0468203666333666,0.0567575802197802
28757,0.297748539260739,0.0358299666333666,0.0507131802197802
28758,0.214877139260739,0.00972776663336663,0.0522242802197802
28759,0.127791939260739,-0.0218696333666334,0.0507131802197802
28760,0.0371952392607393,-0.0534670333666334,0.0476909802197802
28761,-0.0428669607392607,-0.0795692333666334,0.0461798802197802
28762,-0.108180860739261,-0.0960548333666334,0.0476909802197802
28763,-0.157341860739261,-0.107045233366633,0.0461798802197802
28764,-0.185433860739261,-0.104297633366633,0.0431576802197802
28765,-0.188243060739261,-0.0960548333666334,0.0446687802197802
28766,-0.167876360739261,-0.0823168333666334,0.0461798802197802
28767,-0.127845260739261,-0.0658312333666334,0.0492020802197802
28768,-0.0723635607392607,-0.0465980333666334,0.0522242802197802
28769,-0.00213356073926074,-0.0314862333666334,0.0507131802197802
28770,0.0744171392607393,-0.0191220333666334,0.0567575802197802
28771,0.150967839260739,-0.0177482333666334,0.0628019802197802
28772,0.214877139260739,-0.0177482333666334,0.0658241802197802
28773,0.270358839260739,-0.0204958333666334,0.0703574802197802
28774,0.313901439260739,-0.0287386333666334,0.0779129802197802
28775,0.340588839260739,-0.0342338333666334,0.0794240802197802
28776,0.349016439260739,-0.0301124333666334,0.0794240802197802
28777,0.331458939260739,-0.0314862333666334,0.0794240802197802
28778,0.299855439260739,-0.0191220333666334,0.0748907802197802
28779,0.249992139260739,-0.00263643336663337,0.0658241802197802
28780,0.188892039260739,0.0179705666333666,0.0507131802197802
28781,0.122173539260739,0.0330823666333666,0.0340910802197802
28782,0.0533481392607393,0.0454465666333666,0.0204911802197802
28783,-0.0133703607392607,0.0495679666333666,0.00235798021978022
28784,-0.0702566607392607,0.0454465666333666,-0.0142641197802198
28785,-0.111692360739261,0.0289609666333666,-0.0248418197802198
28786,-0.143295860739261,0.0111015666333666,-0.0263529197802198
28787,-0.159448760739261,-0.0191220333666334,-0.0278640197802198
28788,-0.158746460739261,-0.0411028333666334,-0.0218196197802198
28789,-0.139784360739261,-0.0672050333666334,-0.0112419197802198
28790,-0.102562460739261,-0.0850644333666334,0.00689128021978022
28791,-0.0512945607392607,-0.0905596333666334,0.0280466802197802
28792,0.0119124392607393,-0.0850644333666334,0.0476909802197802
28793,0.0800355392607393,-0.0754478333666334,0.0688463802197802
28794,0.146754039260739,-0.0603360333666334,0.0824462802197802
28795,0.207854139260739,-0.0356076333666334,0.0960461802197802
28796,0.259122039260739,-0.0108792333666334,0.102090580219780
28797,0.296343939260739,0.0138491666333666,0.103601680219780
28798,0.318115239260739,0.0317085666333666,0.0990683802197802
28799,0.322329039260739,0.0426989666333666,0.0824462802197802
28800,0.308283039260739,0.0523155666333666,0.0643130802197802
28801,0.278786439260739,0.0495679666333666,0.0476909802197802
28802,0.233839239260739,0.0426989666333666,0.0356021802197802
28803,0.174846039260739,0.0289609666333666,0.0174689802197802
28804,0.107425239260739,0.0165967666333666,0.00840238021978022
28805,0.0329814392607393,0.00698016663336663,0.00084688021978022
28806,-0.0309278607392607,-0.00126263336663337,-0.00368641978021978
28807,-0.0850049607392607,-0.00263643336663337,-0.00519751978021978
28808,-0.121524560739261,-0.00401023336663337,-0.00670861978021978
28809,-0.136975160739261,-0.00126263336663337,-0.00821971978021978
28810,-0.136975160739261,0.00148496663336663,-0.00670861978021978
28811,-0.116608460739261,0.00560636663336663,-0.00821971978021978
28812,-0.0779819607392607,0.00148496663336663,-0.00821971978021978
28813,-0.0288209607392607,-0.00263643336663337,-0.00066421978021978
28814,0.0315768392607393,-0.0108792333666334,0.00235798021978022
28815,0.0961884392607393,-0.0204958333666334,0.00689128021978022
28816,0.157990839260739,-0.0314862333666334,0.0129356802197802
28817,0.217686339260739,-0.0397290333666334,0.0204911802197802
28818,0.266847339260739,-0.0411028333666334,0.0325799802197802
28819,0.304771539260739,-0.0397290333666334,0.0446687802197802
28820,0.323733639260739,-0.0328600333666334,0.0507131802197802
28821,0.323031339260739,-0.0163744333666334,0.0567575802197802
28822,0.303366939260739,-0.00538403336663337,0.0658241802197802
28823,0.269656539260739,0.00972776663336663,0.0658241802197802
28824,0.223304739260739,0.0234657666333666,0.0628019802197802
28825,0.164311539260739,0.0289609666333666,0.0567575802197802
28826,0.103211439260739,0.0303347666333666,0.0476909802197802
28827,0.0393021392607393,0.0220919666333666,0.0371132802197802
28828,-0.0203933607392607,0.00835396663336663,0.0235133802197802
28829,-0.0709589607392608,-0.00675783336663337,0.0114245802197802
28830,-0.105371660739261,-0.0232434333666334,0.00538018021978022
28831,-0.128547560739261,-0.0369814333666334,-0.00066421978021978
28832,-0.135570560739261,-0.0479718333666334,-0.00368641978021978
28833,-0.122929160739261,-0.0534670333666334,-0.00368641978021978
28834,-0.0934325607392607,-0.0534670333666334,0.00386908021978022
28835,-0.0456761607392607,-0.0438504333666334,0.0144467802197802
28836,0.00980553926073927,-0.0273648333666334,0.0220022802197802
28837,0.0737148392607393,-0.00950543336663336,0.0310688802197802
28838,0.134112639260739,0.00835396663336663,0.0401354802197802
28839,0.193105839260739,0.0207181666333666,0.0461798802197802
28840,0.239457639260739,0.0289609666333666,0.0522242802197802
28841,0.270358839260739,0.0303347666333666,0.0597797802197802
28842,0.286511739260739,0.0220919666333666,0.0628019802197802
28843,0.285809439260739,0.00972776663336663,0.0658241802197802
28844,0.271061139260739,-0.00401023336663337,0.0628019802197802
28845,0.244373739260739,-0.0150006333666334,0.0552464802197802
28846,0.200831139260739,-0.0246172333666334,0.0461798802197802
28847,0.150265539260739,-0.0301124333666334,0.0356021802197802
28848,0.0912723392607393,-0.0328600333666334,0.0265355802197802
28849,0.0322791392607393,-0.0314862333666334,0.0235133802197802
28850,-0.0232025607392607,-0.0314862333666334,0.0220022802197802
28851,-0.0688520607392607,-0.0273648333666334,0.0159578802197802
28852,-0.103264760739261,-0.0246172333666334,0.0114245802197802
28853,-0.123631460739261,-0.0218696333666334,0.00840238021978022
28854,-0.129952160739261,-0.0191220333666334,0.00084688021978022
28855,-0.122929160739261,-0.0191220333666334,-0.00670861978021978
28856,-0.0990509607392607,-0.0273648333666334,-0.00973081978021978
28857,-0.0625313607392607,-0.0328600333666334,-0.00821971978021978
28858,-0.0175841607392607,-0.0397290333666334,-0.00519751978021978
28859,0.0378975392607393,-0.0411028333666334,-0.00217531978021978
28860,0.0968907392607393,-0.0411028333666334,0.00084688021978022
28861,0.153074739260739,-0.0369814333666334,0.00689128021978022
28862,0.198021939260739,-0.0314862333666334,0.0129356802197802
28863,0.234541539260739,-0.0163744333666334,0.0159578802197802
28864,0.255610539260739,-0.00126263336663337,0.0204911802197802
28865,0.262633539260739,0.0138491666333666,0.0189800802197802
28866,0.253503639260739,0.0275871666333666,0.0174689802197802
28867,0.228220839260739,0.0413251666333666,0.0129356802197802
28868,0.188892039260739,0.0454465666333666,0.00084688021978022
28869,0.136921839260739,0.0413251666333666,-0.00973081978021978
28870,0.0758217392607393,0.0344561666333666,-0.0203085197802198
28871,0.0154239392607393,0.0179705666333666,-0.0308862197802198
28872,-0.0428669607392607,-0.00401023336663337,-0.0444861197802198
28873,-0.0927302607392607,-0.0259910333666334,-0.0520416197802198
28874,-0.135570560739261,-0.0424766333666334,-0.0505305197802198
28875,-0.160853360739261,-0.0562146333666334,-0.0490194197802198
28876,-0.174197060739261,-0.0644574333666334,-0.0444861197802198
28877,-0.169983260739261,-0.0672050333666334,-0.0308862197802198
28878,-0.149616560739261,-0.0630836333666334,-0.0172863197802198
28879,-0.112394660739261,-0.0562146333666334,-0.00368641978021978
28880,-0.0667451607392607,-0.0424766333666334,0.00840238021978022
28881,-0.00775196073926074,-0.0232434333666334,0.0235133802197802
28882,0.0568596392607393,-0.00401023336663337,0.0280466802197802
28883,0.121471239260739,0.0138491666333666,0.0250244802197802
28884,0.182571339260739,0.0303347666333666,0.0250244802197802
28885,0.232434639260739,0.0399513666333666,0.0174689802197802
28886,0.268251939260739,0.0426989666333666,0.0129356802197802
28887,0.290725539260739,0.0426989666333666,0.00689128021978022
28888,0.294237039260739,0.0385775666333666,0.00235798021978022
28889,0.283000239260739,0.0330823666333666,-0.00670861978021978
28890,0.259824339260739,0.0289609666333666,-0.00973081978021978
28891,0.225411639260739,0.0262133666333666,-0.0127530197802198
28892,0.181166739260739,0.0207181666333666,-0.0127530197802198
28893,0.131303439260739,0.0220919666333666,-0.0142641197802198
28894,0.0793332392607393,0.0179705666333666,-0.0157752197802198
28895,0.0280653392607393,0.0111015666333666,-0.0187974197802198
28896,-0.0154772607392607,0.00285876663336663,-0.0203085197802198
28897,-0.0491876607392607,-0.00538403336663337,-0.0263529197802198
28898,-0.0688520607392607,-0.0150006333666334,-0.0308862197802198
28899,-0.0751727607392607,-0.0259910333666334,-0.0369306197802198
28900,-0.0667451607392607,-0.0369814333666334,-0.0414639197802198
28901,-0.0470807607392607,-0.0452242333666334,-0.0459972197802198
28902,-0.0168818607392607,-0.0465980333666334,-0.0475083197802198
28903,0.0203400392607393,-0.0465980333666334,-0.0444861197802198
28904,0.0631803392607393,-0.0356076333666334,-0.0444861197802198
28905,0.108829839260739,-0.0232434333666334,-0.0354195197802198
28906,0.150967839260739,-0.00813163336663337,-0.0263529197802198
28907,0.192403539260739,0.00972776663336663,-0.0218196197802198
28908,0.221197839260739,0.0262133666333666,-0.0157752197802198
28909,0.241564539260739,0.0413251666333666,-0.0127530197802198
28910,0.245076039260739,0.0536893666333666,-0.00973081978021978
28911,0.235946139260739,0.0591845666333666,-0.0172863197802198
28912,0.214877139260739,0.0605583666333666,-0.0248418197802198
28913,0.183975939260739,0.0564369666333666,-0.0354195197802198
28914,0.150967839260739,0.0495679666333666,-0.0505305197802198
28915,0.112341339260739,0.0426989666333666,-0.0686637197802198
28916,0.0709056392607393,0.0330823666333666,-0.0852858197802198
28917,0.0336837392607393,0.0248395666333666,-0.0973746197802198
28918,-0.00213356073926074,0.0234657666333666,-0.112485619780220
28919,-0.0323324607392607,0.0207181666333666,-0.118530019780220
28920,-0.0463784607392607,0.0220919666333666,-0.118530019780220
28921,-0.0526991607392607,0.0234657666333666,-0.115507819780220
28922,-0.0442715607392607,0.0234657666333666,-0.101907919780220
28923,-0.0217979607392607,0.0152229666333666,-0.0852858197802198
28924,0.00910323926073926,0.000111166633366634,-0.0656415197802198
28925,0.0470274392607393,-0.0163744333666334,-0.0399528197802198
28926,0.0912723392607393,-0.0383552333666334,-0.0203085197802198
28927,0.136921839260739,-0.0562146333666334,-0.00368641978021978
28928,0.184678239260739,-0.0727002333666334,0.00386908021978022
28929,0.235946139260739,-0.0891858333666334,0.00991348021978022
28930,0.280893339260739,-0.101550033366633,0.00840238021978022
28931,0.320924439260739,-0.111166633366633,0.00538018021978022
28932,0.346909539260739,-0.116661833366633,-0.00217531978021978
28933,0.359550939260739,-0.119409433366633,-0.00973081978021978
28934,0.353230239260739,-0.119409433366633,-0.0218196197802198
28935,0.328649739260739,-0.116661833366633,-0.0354195197802198
28936,0.295641639260739,-0.109792833366633,-0.0475083197802198
28937,0.249992139260739,-0.108419033366633,-0.0611082197802198
28938,0.205747239260739,-0.104297633366633,-0.0762192197802198
28939,0.157288539260739,-0.101550033366633,-0.0898191197802198
28940,0.113043639260739,-0.100176233366633,-0.103419019780220
28941,0.0758217392607393,-0.100176233366633,-0.107952319780220
28942,0.0421113392607393,-0.0960548333666334,-0.112485619780220
28943,0.0210423392607393,-0.0946810333666333,-0.115507819780220
28944,0.0203400392607393,-0.0864382333666334,-0.113996719780220
28945,0.0301722392607393,-0.0795692333666334,-0.113996719780220
28946,0.0456228392607393,-0.0658312333666334,-0.113996719780220
28947,0.0582642392607393,-0.0534670333666334,-0.117018919780220
28948,0.0603711392607393,-0.0356076333666334,-0.118530019780220
28949,0.0652872392607393,-0.0177482333666334,-0.118530019780220
28950,0.0779286392607393,-0.00675783336663337,-0.117018919780220
28951,0.104616039260739,-0.00401023336663337,-0.117018919780220
28952,0.146051739260739,-0.0136268333666334,-0.112485619780220
28953,0.197319639260739,-0.0314862333666334,-0.112485619780220
28954,0.254908239260739,-0.0562146333666334,-0.110974519780220
28955,0.290023239260739,-0.0823168333666334,-0.109463419780220
28956,0.309687639260739,-0.108419033366633,-0.106441219780220
28957,0.316710639260739,-0.127652233366633,-0.104930119780220
28958,0.314603739260739,-0.141390233366633,-0.107952319780220
28959,0.306878439260739,-0.151006833366633,-0.107952319780220
28960,0.297748539260739,-0.155128233366633,-0.112485619780220
28961,0.284404839260739,-0.160623433366633,-0.118530019780220
28962,0.264038139260739,-0.163371033366633,-0.124574419780220
28963,0.233136939260739,-0.166118633366633,-0.130618819780220
28964,0.194510439260739,-0.170240033366633,-0.138174319780220
28965,0.159395439260739,-0.171613833366633,-0.145729819780220
28966,0.131303439260739,-0.170240033366633,-0.156307519780220
28967,0.116555139260739,-0.166118633366633,-0.160840819780220
28968,0.115852839260739,-0.161997233366633,-0.165374119780220
28969,0.120768939260739,-0.145511633366633,-0.162351919780220
28970,0.131303439260739,-0.126278433366633,-0.150263119780220
28971,0.138326439260739,-0.101550033366633,-0.138174319780220
28972,0.143944839260739,-0.0685788333666334,-0.117018919780220
28973,0.156586239260739,-0.0383552333666334,-0.0943524197802198
28974,0.169929939260739,-0.00950543336663336,-0.0747081197802198
28975,0.195212739260739,0.0138491666333666,-0.0565749197802198
28976,0.224007039260739,0.0289609666333666,-0.0459972197802198
28977,0.251396739260739,0.0317085666333666,-0.0339084197802198
28978,0.266145039260739,0.0234657666333666,-0.0293751197802198
28979,0.273870339260739,0.00285876663336663,-0.0293751197802198
28980,0.271763439260739,-0.0246172333666334,-0.0369306197802198
28981,0.260526639260739,-0.0603360333666334,-0.0459972197802198
28982,0.251396739260739,-0.0919334333666333,-0.0580860197802198
28983,0.242266839260739,-0.122157033366633,-0.0747081197802198
28984,0.234541539260739,-0.144137833366633,-0.0913302197802198
28985,0.221197839260739,-0.157875833366633,-0.107952319780220
28986,0.204342639260739,-0.159249633366633,-0.123063319780220
28987,0.181869039260739,-0.156502033366633,-0.133641019780220
28988,0.158693139260739,-0.146885433366633,-0.141196519780220
28989,0.139731039260739,-0.134521233366633,-0.148752019780220
28990,0.128494239260739,-0.123530833366633,-0.150263119780220
28991,0.126387339260739,-0.112540433366633,-0.148752019780220
28992,0.133410339260739,-0.104297633366633,-0.148752019780220
28993,0.141135639260739,-0.0960548333666334,-0.139685419780220
28994,0.155181639260739,-0.0946810333666333,-0.135152119780220
28995,0.169929939260739,-0.0919334333666333,-0.126085519780220
28996,0.188189739260739,-0.0905596333666334,-0.113996719780220
28997,0.205747239260739,-0.0878120333666334,-0.100396819780220
28998,0.228220839260739,-0.0768216333666333,-0.0867969197802198
28999,0.252801339260739,-0.0658312333666334,-0.0762192197802198
29000,0.267549639260739,-0.0520932333666334,-0.0656415197802198
29001,0.280191039260739,-0.0369814333666334,-0.0565749197802198
29002,0.286511739260739,-0.0232434333666334,-0.0444861197802198
29003,0.281595639260739,-0.0163744333666334,-0.0369306197802198
29004,0.269656539260739,-0.0191220333666334,-0.0323973197802198
29005,0.249992139260739,-0.0232434333666334,-0.0308862197802198
29006,0.227518539260739,-0.0479718333666334,-0.0278640197802198
29007,0.202235739260739,-0.0768216333666333,-0.0263529197802198
29008,0.173441439260739,-0.111166633366633,-0.0263529197802198
29009,0.142540239260739,-0.149633033366633,-0.0278640197802198
29010,0.116555139260739,-0.186725633366633,-0.0369306197802198
29011,0.0982953392607393,-0.212827833366633,-0.0444861197802198
29012,0.0912723392607393,-0.226565833366633,-0.0520416197802198
29013,0.0919746392607393,-0.236182433366633,-0.0626193197802198
29014,0.105318339260739,-0.229313433366633,-0.0716859197802198
29015,0.122173539260739,-0.216949233366633,-0.0747081197802198
29016,0.143242539260739,-0.194968433366633,-0.0762192197802198
29017,0.165013839260739,-0.172987633366633,-0.0792414197802198
29018,0.190998939260739,-0.153754433366633,-0.0777303197802198
29019,0.214877139260739,-0.134521233366633,-0.0792414197802198
29020,0.236648439260739,-0.123530833366633,-0.0747081197802198
29021,0.259122039260739,-0.113914233366633,-0.0701748197802198
29022,0.273168039260739,-0.112540433366633,-0.0716859197802198
29023,0.283702539260739,-0.116661833366633,-0.0671526197802198
29024,0.288618639260739,-0.123530833366633,-0.0580860197802198
29025,0.282297939260739,-0.133147433366633,-0.0565749197802198
29026,0.273168039260739,-0.137268833366633,-0.0475083197802198
29027,0.257717439260739,-0.141390233366633,-0.0414639197802198
29028,0.236648439260739,-0.145511633366633,-0.0339084197802198
29029,0.216281739260739,-0.142764033366633,-0.0293751197802198
29030,0.197319639260739,-0.141390233366633,-0.0248418197802198
29031,0.174143739260739,-0.135895033366633,-0.0172863197802198
29032,0.155883939260739,-0.138642633366633,-0.0142641197802198
29033,0.137624139260739,-0.138642633366633,-0.0187974197802198
29034,0.127089639260739,-0.145511633366633,-0.0157752197802198
29035,0.118662039260739,-0.161997233366633,-0.0203085197802198
29036,0.122875839260739,-0.175735233366633,-0.0248418197802198
29037,0.132005739260739,-0.192220833366633,-0.0278640197802198
29038,0.146051739260739,-0.205958833366633,-0.0339084197802198
29039,0.166418439260739,-0.214201633366633,-0.0354195197802198
29040,0.189594339260739,-0.216949233366633,-0.0354195197802198
29041,0.211365639260739,-0.215575433366633,-0.0399528197802198
29042,0.232434639260739,-0.208706433366633,-0.0384417197802198
29043,0.250694439260739,-0.196342233366633,-0.0354195197802198
29044,0.266847339260739,-0.179856633366633,-0.0278640197802198
29045,0.275977239260739,-0.166118633366633,-0.0233307197802198
29046,0.282297939260739,-0.151006833366633,-0.0218196197802198
29047,0.278084139260739,-0.140016433366633,-0.0203085197802198
29048,0.270358839260739,-0.131773633366633,-0.0218196197802198
29049,0.257717439260739,-0.129026033366633,-0.0263529197802198
29050,0.240159939260739,-0.126278433366633,-0.0339084197802198
29051,0.222602439260739,-0.129026033366633,-0.0429750197802198
29052,0.204342639260739,-0.135895033366633,-0.0444861197802198
29053,0.186785139260739,-0.145511633366633,-0.0444861197802198
29054,0.172036839260739,-0.153754433366633,-0.0414639197802198
29055,0.155181639260739,-0.156502033366633,-0.0354195197802198
29056,0.143944839260739,-0.157875833366633,-0.0308862197802198
29057,0.139028739260739,-0.157875833366633,-0.0278640197802198
29058,0.141135639260739,-0.151006833366633,-0.0187974197802198
29059,0.151670139260739,-0.145511633366633,-0.0127530197802198
29060,0.164311539260739,-0.140016433366633,-0.00670861978021978
29061,0.181869039260739,-0.134521233366633,0.00538018021978022
29062,0.200128839260739,-0.131773633366633,0.00689128021978022
29063,0.219793239260739,-0.135895033366633,0.0129356802197802
29064,0.237350739260739,-0.138642633366633,0.0144467802197802
29065,0.252099039260739,-0.149633033366633,0.0114245802197802
29066,0.263335839260739,-0.153754433366633,0.00991348021978022
29067,0.271763439260739,-0.159249633366633,0.00235798021978022
29068,0.274572639260739,-0.164744833366633,-0.00368641978021978
29069,0.272465739260739,-0.163371033366633,-0.00821971978021978
29070,0.266145039260739,-0.160623433366633,-0.0142641197802198
29071,0.256312839260739,-0.156502033366633,-0.0127530197802198
29072,0.242266839260739,-0.149633033366633,-0.0187974197802198
29073,0.220495539260739,-0.144137833366633,-0.0157752197802198
29074,0.200128839260739,-0.140016433366633,-0.0142641197802198
29075,0.177655239260739,-0.138642633366633,-0.00821971978021978
29076,0.157990839260739,-0.140016433366633,-0.00368641978021978
29077,0.139731039260739,-0.142764033366633,0.00235798021978022
29078,0.124280439260739,-0.151006833366633,0.00840238021978022
29079,0.115852839260739,-0.159249633366633,0.00991348021978022
29080,0.113745939260739,-0.166118633366633,0.0174689802197802
29081,0.118662039260739,-0.171613833366633,0.0250244802197802
29082,0.132005739260739,-0.171613833366633,0.0250244802197802
29083,0.149563239260739,-0.168866233366633,0.0310688802197802
29084,0.168525339260739,-0.161997233366633,0.0325799802197802
29085,0.194510439260739,-0.149633033366633,0.0325799802197802
29086,0.216984039260739,-0.141390233366633,0.0340910802197802
29087,0.238755339260739,-0.127652233366633,0.0356021802197802
29088,0.256312839260739,-0.122157033366633,0.0386243802197802
29089,0.266847339260739,-0.116661833366633,0.0401354802197802
29090,0.268251939260739,-0.120783233366633,0.0476909802197802
29091,0.259122039260739,-0.131773633366633,0.0552464802197802
29092,0.243671439260739,-0.151006833366633,0.0628019802197802
29093,0.221900139260739,-0.170240033366633,0.0658241802197802
29094,0.198021939260739,-0.186725633366633,0.0688463802197802
29095,0.170632239260739,-0.200463633366633,0.0688463802197802
29096,0.143242539260739,-0.210080233366633,0.0673352802197802
29097,0.120768939260739,-0.214201633366633,0.0612908802197802
29098,0.101104539260739,-0.215575433366633,0.0628019802197802
29099,0.0856539392607393,-0.211454033366633,0.0597797802197802
29100,0.0751194392607393,-0.205958833366633,0.0612908802197802
29101,0.0702033392607393,-0.196342233366633,0.0612908802197802
29102,0.0709056392607393,-0.189473233366633,0.0612908802197802
29103,0.0786309392607393,-0.183978033366633,0.0643130802197802
29104,0.0926769392607393,-0.179856633366633,0.0794240802197802
29105,0.108829839260739,-0.178482833366633,0.0779129802197802
29106,0.126387339260739,-0.183978033366633,0.0854684802197802
29107,0.150265539260739,-0.185351833366633,0.0884906802197802
29108,0.172739139260739,-0.192220833366633,0.0975572802197802
29109,0.193808139260739,-0.194968433366633,0.105112780219780
29110,0.213472539260739,-0.194968433366633,0.111157180219780
29111,0.224007039260739,-0.194968433366633,0.112668280219780
29112,0.232434639260739,-0.189473233366633,0.112668280219780
29113,0.233136939260739,-0.186725633366633,0.111157180219780
29114,0.232434639260739,-0.175735233366633,0.111157180219780
29115,0.224007039260739,-0.167492433366633,0.106623880219780
29116,0.212067939260739,-0.160623433366633,0.0990683802197802
29117,0.195915039260739,-0.157875833366633,0.0930239802197802
29118,0.176952939260739,-0.156502033366633,0.0854684802197802
29119,0.157288539260739,-0.157875833366633,0.0794240802197802
29120,0.136219539260739,-0.164744833366633,0.0748907802197802
29121,0.115852839260739,-0.174361433366633,0.0718685802197802
29122,0.0989976392607393,-0.181230433366633,0.0703574802197802
29123,0.0856539392607393,-0.188099433366633,0.0688463802197802
29124,0.0779286392607393,-0.193594633366633,0.0673352802197802
29125,0.0758217392607393,-0.192220833366633,0.0688463802197802
29126,0.0821424392607393,-0.186725633366633,0.0718685802197802
29127,0.0898677392607393,-0.175735233366633,0.0764018802197802
29128,0.100402239260739,-0.167492433366633,0.0794240802197802
29129,0.118662039260739,-0.153754433366633,0.0794240802197802
29130,0.136921839260739,-0.135895033366633,0.0779129802197802
29131,0.159395439260739,-0.116661833366633,0.0733796802197802
29132,0.180464439260739,-0.0946810333666333,0.0688463802197802
29133,0.200831139260739,-0.0740740333666334,0.0597797802197802
29134,0.214174839260739,-0.0575884333666334,0.0461798802197802
29135,0.221900139260739,-0.0452242333666334,0.0356021802197802
29136,0.221900139260739,-0.0369814333666334,0.0280466802197802
29137,0.213472539260739,-0.0342338333666334,0.0220022802197802
29138,0.199426539260739,-0.0383552333666334,0.0220022802197802
29139,0.181166739260739,-0.0424766333666334,0.0204911802197802
29140,0.155181639260739,-0.0507194333666334,0.0280466802197802
29141,0.126387339260739,-0.0589622333666334,0.0310688802197802
29142,0.102509139260739,-0.0672050333666334,0.0386243802197802
29143,0.0779286392607393,-0.0754478333666334,0.0431576802197802
29144,0.0589665392607393,-0.0823168333666334,0.0476909802197802
29145,0.0442182392607393,-0.0946810333666333,0.0582686802197802
29146,0.0343860392607393,-0.102923833366633,0.0688463802197802
29147,0.0287676392607393,-0.115288033366633,0.0779129802197802
29148,0.0301722392607393,-0.126278433366633,0.0900017802197802
29149,0.0322791392607393,-0.135895033366633,0.100579480219780
29150,0.0400044392607393,-0.138642633366633,0.112668280219780
29151,0.0512412392607393,-0.142764033366633,0.126268180219780
29152,0.0638826392607393,-0.144137833366633,0.133823680219780
29153,0.0828447392607393,-0.137268833366633,0.144401380219780
29154,0.0975930392607393,-0.126278433366633,0.154979080219780
29155,0.115852839260739,-0.116661833366633,0.167067880219780
29156,0.131303439260739,-0.107045233366633,0.170090080219780
29157,0.143944839260739,-0.0974286333666333,0.171601180219780
29158,0.149563239260739,-0.0891858333666334,0.171601180219780
29159,0.151670139260739,-0.0878120333666334,0.167067880219780
29160,0.151670139260739,-0.0919334333666333,0.159512380219780
29161,0.143944839260739,-0.0974286333666333,0.151956880219780
29162,0.134112639260739,-0.105671433366633,0.139868080219780
29163,0.122173539260739,-0.116661833366633,0.130801480219780
29164,0.108127539260739,-0.126278433366633,0.117201580219780
29165,0.0947838392607393,-0.135895033366633,0.108134980219780
29166,0.0821424392607393,-0.144137833366633,0.0960461802197802
29167,0.0687987392607393,-0.149633033366633,0.0854684802197802
29168,0.0617757392607393,-0.164744833366633,0.0733796802197802
29169,0.0575619392607393,-0.174361433366633,0.0597797802197802
29170,0.0603711392607393,-0.181230433366633,0.0507131802197802
29171,0.0652872392607393,-0.185351833366633,0.0461798802197802
29172,0.0737148392607393,-0.181230433366633,0.0446687802197802
29173,0.0828447392607393,-0.170240033366633,0.0507131802197802
29174,0.0919746392607393,-0.155128233366633,0.0658241802197802
29175,0.0982953392607393,-0.140016433366633,0.0854684802197802
29176,0.103913739260739,-0.126278433366633,0.105112780219780
29177,0.110234439260739,-0.119409433366633,0.126268180219780
29178,0.119364339260739,-0.122157033366633,0.142890280219780
29179,0.123578139260739,-0.135895033366633,0.161023480219780
29180,0.124280439260739,-0.153754433366633,0.170090080219780
29181,0.122875839260739,-0.177109033366633,0.180667780219780
29182,0.116555139260739,-0.192220833366633,0.188223280219780
29183,0.106020639260739,-0.205958833366633,0.195778780219780
29184,0.0947838392607393,-0.208706433366633,0.194267680219780
29185,0.0800355392607393,-0.203211233366633,0.192756580219780
29186,0.0659895392607393,-0.189473233366633,0.185201080219780
29187,0.0561573392607393,-0.168866233366633,0.177645580219780
29188,0.0456228392607393,-0.149633033366633,0.171601180219780
29189,0.0385998392607393,-0.127652233366633,0.162534580219780
29190,0.0294699392607393,-0.115288033366633,0.153467980219780
29191,0.0231492392607393,-0.113914233366633,0.142890280219780
29192,0.0196377392607393,-0.123530833366633,0.132312580219780
29193,0.0175308392607393,-0.142764033366633,0.121734880219780
29194,0.0245538392607393,-0.170240033366633,0.115690480219780
29195,0.0336837392607393,-0.199089833366633,0.103601680219780
29196,0.0456228392607393,-0.225192033366633,0.100579480219780
29197,0.0589665392607393,-0.240303833366633,0.0975572802197802
29198,0.0737148392607393,-0.243051433366633,0.0945350802197802
29199,0.0863562392607393,-0.232061033366633,0.0975572802197802
29200,0.0975930392607393,-0.208706433366633,0.0975572802197802
29201,0.115150539260739,-0.175735233366633,0.105112780219780
29202,0.124982739260739,-0.142764033366633,0.109646080219780
29203,0.131303439260739,-0.113914233366633,0.118712680219780
29204,0.134814939260739,-0.0905596333666334,0.123245980219780
29205,0.131303439260739,-0.0795692333666334,0.135334780219780
29206,0.120066639260739,-0.0795692333666334,0.139868080219780
29207,0.103913739260739,-0.0960548333666334,0.148934680219780
29208,0.0814401392607393,-0.124904633366633,0.153467980219780
29209,0.0596688392607393,-0.156502033366633,0.159512380219780
29210,0.0357906392607393,-0.186725633366633,0.165556780219780
29211,0.0168285392607393,-0.215575433366633,0.171601180219780
29212,-0.00353816073926074,-0.230687233366633,0.177645580219780
29213,-0.0140726607392607,-0.236182433366633,0.177645580219780
29214,-0.0203933607392607,-0.225192033366633,0.174623380219780
29215,-0.0168818607392607,-0.201837433366633,0.167067880219780
29216,-0.00564506073926074,-0.171613833366633,0.150445780219780
29217,0.0119124392607393,-0.134521233366633,0.135334780219780
29218,0.0343860392607393,-0.104297633366633,0.120223780219780
29219,0.0596688392607393,-0.0823168333666334,0.106623880219780
29220,0.0828447392607393,-0.0713264333666334,0.0945350802197802
29221,0.105318339260739,-0.0713264333666334,0.0869795802197802
29222,0.123578139260739,-0.0836906333666334,0.0794240802197802
29223,0.137624139260739,-0.104297633366633,0.0748907802197802
29224,0.145349439260739,-0.122157033366633,0.0733796802197802
29225,0.151670139260739,-0.137268833366633,0.0779129802197802
29226,0.153777039260739,-0.148259233366633,0.0809351802197802
29227,0.148860939260739,-0.151006833366633,0.0900017802197802
29228,0.143944839260739,-0.145511633366633,0.0960461802197802
29229,0.131303439260739,-0.130399833366633,0.108134980219780
29230,0.115852839260739,-0.118035633366633,0.118712680219780
29231,0.0954861392607393,-0.104297633366633,0.126268180219780
29232,0.0751194392607393,-0.0933072333666334,0.135334780219780
29233,0.0526458392607393,-0.0905596333666334,0.142890280219780
29234,0.0343860392607393,-0.0905596333666334,0.147423580219780
29235,0.0182331392607393,-0.105671433366633,0.151956880219780
29236,0.00629403926073926,-0.127652233366633,0.153467980219780
29237,-0.00353816073926074,-0.151006833366633,0.156490180219780
29238,-0.00845426073926074,-0.175735233366633,0.159512380219780
29239,-0.00494276073926074,-0.190847033366633,0.161023480219780
29240,0.00348483926073926,-0.205958833366633,0.165556780219780
29241,0.0154239392607393,-0.207332633366633,0.164045680219780
29242,0.0322791392607393,-0.200463633366633,0.168578980219780
29243,0.0533481392607393,-0.179856633366633,0.165556780219780
29244,0.0751194392607393,-0.155128233366633,0.165556780219780
29245,0.0940815392607393,-0.126278433366633,0.161023480219780
29246,0.113745939260739,-0.0988024333666334,0.148934680219780
29247,0.129196539260739,-0.0781954333666334,0.139868080219780
29248,0.135517239260739,-0.0699526333666334,0.124757080219780
29249,0.139028739260739,-0.0713264333666334,0.115690480219780
29250,0.135517239260739,-0.0809430333666334,0.105112780219780
29251,0.127791939260739,-0.0988024333666334,0.0945350802197802
29252,0.110936739260739,-0.118035633366633,0.0869795802197802
29253,0.0926769392607393,-0.138642633366633,0.0824462802197802
29254,0.0723102392607393,-0.155128233366633,0.0809351802197802
29255,0.0512412392607393,-0.166118633366633,0.0854684802197802
29256,0.0294699392607393,-0.171613833366633,0.0960461802197802
29257,0.00769863926073926,-0.170240033366633,0.111157180219780
29258,-0.0119657607392607,-0.166118633366633,0.127779280219780
29259,-0.0267140607392607,-0.161997233366633,0.139868080219780
29260,-0.0365462607392607,-0.155128233366633,0.156490180219780
29261,-0.0393554607392607,-0.151006833366633,0.164045680219780
29262,-0.0344393607392607,-0.148259233366633,0.174623380219780
29263,-0.0253094607392607,-0.149633033366633,0.176134480219780
29264,-0.0140726607392607,-0.153754433366633,0.177645580219780
29265,0.00137793926073926,-0.164744833366633,0.177645580219780
29266,0.0168285392607393,-0.182604233366633,0.174623380219780
29267,0.0329814392607393,-0.193594633366633,0.173112280219780
29268,0.0470274392607393,-0.199089833366633,0.170090080219780
29269,0.0568596392607393,-0.199089833366633,0.167067880219780
29270,0.0645849392607393,-0.186725633366633,0.162534580219780
29271,0.0709056392607393,-0.170240033366633,0.154979080219780
29272,0.0744171392607393,-0.149633033366633,0.151956880219780
29273,0.0723102392607393,-0.123530833366633,0.144401380219780
29274,0.0652872392607393,-0.100176233366633,0.133823680219780
29275,0.0554550392607393,-0.0823168333666334,0.124757080219780
29276,0.0378975392607393,-0.0740740333666334,0.112668280219780
29277,0.0224469392607393,-0.0754478333666334,0.100579480219780
29278,0.00418713926073926,-0.0836906333666334,0.0930239802197802
29279,-0.0140726607392607,-0.0974286333666333,0.0839573802197802
29280,-0.0281186607392607,-0.118035633366633,0.0733796802197802
29281,-0.0386531607392607,-0.134521233366633,0.0673352802197802
29282,-0.0428669607392607,-0.145511633366633,0.0673352802197802
29283,-0.0414623607392607,-0.155128233366633,0.0673352802197802
29284,-0.0323324607392607,-0.155128233366633,0.0703574802197802
29285,-0.0196910607392607,-0.144137833366633,0.0809351802197802
29286,-0.00353816073926074,-0.130399833366633,0.0915128802197802
29287,0.0196377392607393,-0.113914233366633,0.103601680219780
29288,0.0442182392607393,-0.0933072333666334,0.117201580219780
29289,0.0673941392607393,-0.0768216333666333,0.129290380219780
29290,0.0863562392607393,-0.0644574333666334,0.135334780219780
29291,0.101104539260739,-0.0603360333666334,0.138356980219780
29292,0.109532139260739,-0.0644574333666334,0.139868080219780
29293,0.114448239260739,-0.0754478333666334,0.142890280219780
29294,0.113043639260739,-0.0919334333666333,0.138356980219780
29295,0.108127539260739,-0.108419033366633,0.133823680219780
29296,0.0933792392607393,-0.119409433366633,0.127779280219780
29297,0.0772263392607393,-0.123530833366633,0.117201580219780
29298,0.0610734392607393,-0.115288033366633,0.105112780219780
29299,0.0456228392607393,-0.0974286333666333,0.0900017802197802
29300,0.0315768392607393,-0.0740740333666334,0.0733796802197802
29301,0.0203400392607393,-0.0452242333666334,0.0522242802197802
29302,0.0105078392607393,-0.0122530333666334,0.0371132802197802
29303,0.00067563926073926,0.0111015666333666,0.0235133802197802
29304,-0.00494276073926074,0.0275871666333666,0.0114245802197802
29305,-0.00564506073926074,0.0372037666333666,0.00235798021978022
29306,-0.00424046073926074,0.0358299666333666,-0.00066421978021978
29307,0.00488943926073926,0.0289609666333666,-0.00368641978021978
29308,0.0182331392607393,0.0124753666333666,-0.00368641978021978
29309,0.0364929392607393,-0.0108792333666334,-0.00368641978021978
29310,0.0603711392607393,-0.0314862333666334,0.00084688021978022
29311,0.0793332392607393,-0.0520932333666334,0.0129356802197802
29312,0.0940815392607393,-0.0658312333666334,0.0265355802197802
29313,0.107425239260739,-0.0740740333666334,0.0416465802197802
29314,0.114448239260739,-0.0754478333666334,0.0552464802197802
29315,0.114448239260739,-0.0713264333666334,0.0673352802197802
29316,0.113745939260739,-0.0603360333666334,0.0779129802197802
29317,0.105318339260739,-0.0479718333666334,0.0884906802197802
29318,0.0926769392607393,-0.0424766333666334,0.0945350802197802
29319,0.0737148392607393,-0.0424766333666334,0.0975572802197802
29320,0.0484320392607393,-0.0479718333666334,0.0945350802197802
29321,0.0245538392607393,-0.0575884333666334,0.0915128802197802
29322,-0.00283586073926074,-0.0685788333666334,0.0839573802197802
29323,-0.0239048607392607,-0.0864382333666334,0.0779129802197802
29324,-0.0414623607392607,-0.0960548333666334,0.0718685802197802
29325,-0.0541037607392607,-0.102923833366633,0.0658241802197802
29326,-0.0576152607392607,-0.104297633366633,0.0582686802197802
29327,-0.0548060607392607,-0.0946810333666333,0.0552464802197802
29328,-0.0477830607392607,-0.0809430333666334,0.0567575802197802
29329,-0.0302255607392607,-0.0603360333666334,0.0567575802197802
29330,-0.00845426073926074,-0.0397290333666334,0.0537353802197802
29331,0.0168285392607393,-0.0177482333666334,0.0522242802197802
29332,0.0449205392607393,0.000111166633366634,0.0552464802197802
29333,0.0730125392607393,0.00972776663336663,0.0522242802197802
29334,0.0968907392607393,0.0111015666333666,0.0567575802197802
29335,0.115852839260739,0.00698016663336663,0.0537353802197802
29336,0.130601139260739,-0.00263643336663337,0.0552464802197802
29337,0.133410339260739,-0.0204958333666334,0.0567575802197802
29338,0.128494239260739,-0.0411028333666334,0.0643130802197802
29339,0.113043639260739,-0.0617098333666334,0.0703574802197802
29340,0.0919746392607393,-0.0781954333666334,0.0824462802197802
29341,0.0631803392607393,-0.0905596333666334,0.0990683802197802
29342,0.0301722392607393,-0.0974286333666333,0.118712680219780
29343,-0.00143126073926074,-0.0974286333666333,0.135334780219780
29344,-0.0288209607392607,-0.0919334333666333,0.151956880219780
29345,-0.0534014607392607,-0.0823168333666334,0.159512380219780
29346,-0.0765773607392607,-0.0699526333666334,0.165556780219780
29347,-0.0941348607392608,-0.0589622333666334,0.167067880219780
29348,-0.106073960739261,-0.0520932333666334,0.165556780219780
29349,-0.108883160739261,-0.0507194333666334,0.158001280219780
29350,-0.104669360739261,-0.0548408333666334,0.153467980219780
29351,-0.0913256607392607,-0.0562146333666334,0.147423580219780
29352,-0.0737681607392607,-0.0603360333666334,0.136845880219780
29353,-0.0491876607392607,-0.0617098333666334,0.127779280219780
29354,-0.0225002607392607,-0.0644574333666334,0.121734880219780
29355,0.00348483926073926,-0.0575884333666334,0.117201580219780
29356,0.0287676392607393,-0.0548408333666334,0.118712680219780
29357,0.0519435392607393,-0.0438504333666334,0.117201580219780
29358,0.0723102392607393,-0.0411028333666334,0.118712680219780
29359,0.0877608392607393,-0.0342338333666334,0.118712680219780
29360,0.0982953392607393,-0.0328600333666334,0.115690480219780
29361,0.103211439260739,-0.0328600333666334,0.118712680219780
29362,0.101806839260739,-0.0424766333666334,0.117201580219780
29363,0.0905700392607393,-0.0534670333666334,0.111157180219780
29364,0.0744171392607393,-0.0685788333666334,0.105112780219780
29365,0.0554550392607393,-0.0823168333666334,0.0960461802197802
29366,0.0357906392607393,-0.0960548333666334,0.0915128802197802
29367,0.0126147392607393,-0.105671433366633,0.0854684802197802
29368,-0.00424046073926074,-0.111166633366633,0.0869795802197802
29369,-0.0203933607392607,-0.108419033366633,0.0884906802197802
29370,-0.0344393607392607,-0.102923833366633,0.0915128802197802
29371,-0.0414623607392607,-0.0933072333666334,0.102090580219780
29372,-0.0456761607392607,-0.0795692333666334,0.115690480219780
29373,-0.0449738607392607,-0.0672050333666334,0.130801480219780
29374,-0.0379508607392607,-0.0548408333666334,0.141379180219780
29375,-0.0239048607392607,-0.0479718333666334,0.156490180219780
29376,-0.00775196073926074,-0.0479718333666334,0.165556780219780
29377,0.00980553926073927,-0.0548408333666334,0.171601180219780
29378,0.0329814392607393,-0.0644574333666334,0.177645580219780
29379,0.0547527392607393,-0.0754478333666334,0.180667780219780
29380,0.0751194392607393,-0.0850644333666334,0.177645580219780
29381,0.0968907392607393,-0.0946810333666333,0.173112280219780
29382,0.113043639260739,-0.0974286333666333,0.161023480219780
29383,0.127791939260739,-0.0905596333666334,0.145912480219780
29384,0.139731039260739,-0.0795692333666334,0.133823680219780
29385,0.140433339260739,-0.0685788333666334,0.121734880219780
29386,0.131303439260739,-0.0548408333666334,0.109646080219780
29387,0.117257439260739,-0.0452242333666334,0.103601680219780
29388,0.0968907392607393,-0.0369814333666334,0.100579480219780
29389,0.0730125392607393,-0.0328600333666334,0.0990683802197802
29390,0.0505389392607393,-0.0287386333666334,0.0945350802197802
29391,0.0294699392607393,-0.0273648333666334,0.0915128802197802
29392,0.0140193392607393,-0.0273648333666334,0.0900017802197802
29393,0.00278253926073926,-0.0356076333666334,0.0915128802197802
29394,-0.00424046073926074,-0.0411028333666334,0.0945350802197802
29395,-0.00143126073926074,-0.0438504333666334,0.0945350802197802
29396,0.00488943926073926,-0.0465980333666334,0.106623880219780
29397,0.0147216392607393,-0.0465980333666334,0.111157180219780
29398,0.0301722392607393,-0.0424766333666334,0.120223780219780
29399,0.0477297392607393,-0.0383552333666334,0.129290380219780
29400,0.0709056392607393,-0.0356076333666334,0.142890280219780
29401,0.0947838392607393,-0.0314862333666334,0.153467980219780
29402,0.117257439260739,-0.0314862333666334,0.165556780219780
29403,0.134814939260739,-0.0383552333666334,0.174623380219780
29404,0.147456339260739,-0.0465980333666334,0.177645580219780
29405,0.154479339260739,-0.0589622333666334,0.182178880219780
29406,0.154479339260739,-0.0727002333666334,0.183689980219780
29407,0.150265539260739,-0.0878120333666334,0.182178880219780
29408,0.137624139260739,-0.0988024333666334,0.174623380219780
29409,0.124280439260739,-0.105671433366633,0.168578980219780
29410,0.106020639260739,-0.112540433366633,0.158001280219780
29411,0.0877608392607393,-0.109792833366633,0.148934680219780
29412,0.0695010392607393,-0.100176233366633,0.136845880219780
29413,0.0561573392607393,-0.0878120333666334,0.127779280219780
29414,0.0484320392607393,-0.0699526333666334,0.115690480219780
29415,0.0449205392607393,-0.0562146333666334,0.111157180219780
29416,0.0414090392607393,-0.0411028333666334,0.103601680219780
29417,0.0449205392607393,-0.0314862333666334,0.102090580219780
29418,0.0547527392607393,-0.0232434333666334,0.0990683802197802
29419,0.0680964392607393,-0.0218696333666334,0.0990683802197802
29420,0.0793332392607393,-0.0246172333666334,0.0975572802197802
29421,0.0982953392607393,-0.0301124333666334,0.103601680219780
29422,0.113745939260739,-0.0424766333666334,0.111157180219780
29423,0.126387339260739,-0.0575884333666334,0.121734880219780
29424,0.137624139260739,-0.0768216333666333,0.133823680219780
29425,0.143242539260739,-0.0878120333666334,0.153467980219780
29426,0.143944839260739,-0.100176233366633,0.170090080219780
29427,0.145349439260739,-0.105671433366633,0.182178880219780
29428,0.141837939260739,-0.109792833366633,0.195778780219780
29429,0.136921839260739,-0.109792833366633,0.204845380219780
29430,0.126387339260739,-0.109792833366633,0.212400880219780
29431,0.116555139260739,-0.108419033366633,0.215423080219780
29432,0.0996999392607393,-0.105671433366633,0.213911980219780
29433,0.0835470392607393,-0.105671433366633,0.209378680219780
29434,0.0687987392607393,-0.105671433366633,0.203334280219780
29435,0.0505389392607393,-0.107045233366633,0.192756580219780
29436,0.0371952392607393,-0.107045233366633,0.180667780219780
29437,0.0280653392607393,-0.102923833366633,0.167067880219780
29438,0.0252561392607393,-0.0988024333666334,0.151956880219780
29439,0.0245538392607393,-0.0960548333666334,0.136845880219780
29440,0.0322791392607393,-0.0864382333666334,0.130801480219780
29441,0.0470274392607393,-0.0823168333666334,0.121734880219780
29442,0.0631803392607393,-0.0713264333666334,0.117201580219780
29443,0.0821424392607393,-0.0630836333666334,0.114179380219780
29444,0.103913739260739,-0.0562146333666334,0.109646080219780
29445,0.125685039260739,-0.0548408333666334,0.109646080219780
29446,0.146051739260739,-0.0520932333666334,0.108134980219780
29447,0.163609239260739,-0.0575884333666334,0.105112780219780
29448,0.181869039260739,-0.0658312333666334,0.108134980219780
29449,0.192403539260739,-0.0727002333666334,0.105112780219780
29450,0.197319639260739,-0.0809430333666334,0.100579480219780
29451,0.197319639260739,-0.0878120333666334,0.100579480219780
29452,0.190296639260739,-0.0933072333666334,0.0975572802197802
29453,0.179059839260739,-0.0988024333666334,0.0990683802197802
29454,0.162204639260739,-0.100176233366633,0.0990683802197802
29455,0.139028739260739,-0.105671433366633,0.0975572802197802
29456,0.120768939260739,-0.108419033366633,0.0975572802197802
29457,0.0996999392607393,-0.109792833366633,0.0975572802197802
29458,0.0779286392607393,-0.108419033366633,0.0975572802197802
29459,0.0575619392607393,-0.113914233366633,0.0975572802197802
29460,0.0378975392607393,-0.118035633366633,0.0945350802197802
29461,0.0231492392607393,-0.118035633366633,0.0945350802197802
29462,0.0168285392607393,-0.122157033366633,0.0900017802197802
29463,0.0245538392607393,-0.126278433366633,0.0915128802197802
29464,0.0456228392607393,-0.122157033366633,0.0884906802197802
29465,0.0751194392607393,-0.113914233366633,0.0779129802197802
29466,0.112341339260739,-0.100176233366633,0.0733796802197802
29467,0.152372439260739,-0.0850644333666334,0.0658241802197802
29468,0.186082839260739,-0.0699526333666334,0.0643130802197802
29469,0.216281739260739,-0.0520932333666334,0.0688463802197802
29470,0.244373739260739,-0.0397290333666334,0.0748907802197802
29471,0.261228939260739,-0.0328600333666334,0.0884906802197802
29472,0.274572639260739,-0.0301124333666334,0.103601680219780
29473,0.279488739260739,-0.0328600333666334,0.117201580219780
29474,0.275274939260739,-0.0328600333666334,0.130801480219780
29475,0.261228939260739,-0.0452242333666334,0.147423580219780
29476,0.236648439260739,-0.0520932333666334,0.158001280219780
29477,0.206449539260739,-0.0603360333666334,0.165556780219780
29478,0.176250639260739,-0.0727002333666334,0.173112280219780
29479,0.146754039260739,-0.0823168333666334,0.176134480219780
29480,0.124982739260739,-0.0919334333666333,0.176134480219780
29481,0.104616039260739,-0.0988024333666334,0.176134480219780
29482,0.0870585392607393,-0.0988024333666334,0.171601180219780
29483,0.0772263392607393,-0.0946810333666333,0.164045680219780
29484,0.0723102392607393,-0.0905596333666334,0.162534580219780
29485,0.0758217392607393,-0.0823168333666334,0.156490180219780
29486,0.0856539392607393,-0.0754478333666334,0.154979080219780
29487,0.103211439260739,-0.0713264333666334,0.154979080219780
29488,0.127791939260739,-0.0672050333666334,0.154979080219780
29489,0.157288539260739,-0.0685788333666334,0.156490180219780
29490,0.184678239260739,-0.0699526333666334,0.161023480219780
29491,0.207151839260739,-0.0754478333666334,0.162534580219780
29492,0.227518539260739,-0.0795692333666334,0.167067880219780
29493,0.243671439260739,-0.0864382333666334,0.168578980219780
29494,0.255610539260739,-0.0905596333666334,0.170090080219780
29495,0.264038139260739,-0.0891858333666334,0.164045680219780
29496,0.268954239260739,-0.0850644333666334,0.162534580219780
29497,0.265442739260739,-0.0795692333666334,0.159512380219780
29498,0.254205939260739,-0.0713264333666334,0.154979080219780
29499,0.235946139260739,-0.0575884333666334,0.153467980219780
29500,0.215579439260739,-0.0520932333666334,0.148934680219780
29501,0.193808139260739,-0.0465980333666334,0.147423580219780
29502,0.172739139260739,-0.0424766333666334,0.145912480219780
29503,0.156586239260739,-0.0424766333666334,0.142890280219780
29504,0.139028739260739,-0.0452242333666334,0.142890280219780
29505,0.127089639260739,-0.0534670333666334,0.144401380219780
29506,0.115150539260739,-0.0644574333666334,0.145912480219780
29507,0.106722939260739,-0.0809430333666334,0.153467980219780
29508,0.102509139260739,-0.0960548333666334,0.159512380219780
29509,0.103211439260739,-0.109792833366633,0.165556780219780
29510,0.115150539260739,-0.119409433366633,0.171601180219780
29511,0.132708039260739,-0.126278433366633,0.171601180219780
29512,0.152372439260739,-0.123530833366633,0.170090080219780
29513,0.179059839260739,-0.119409433366633,0.167067880219780
29514,0.197319639260739,-0.109792833366633,0.158001280219780
29515,0.214877139260739,-0.107045233366633,0.154979080219780
29516,0.227518539260739,-0.101550033366633,0.148934680219780
29517,0.232434639260739,-0.0974286333666333,0.142890280219780
29518,0.232434639260739,-0.0960548333666334,0.136845880219780
29519,0.228923139260739,-0.0988024333666334,0.127779280219780
29520,0.219793239260739,-0.100176233366633,0.115690480219780
29521,0.204342639260739,-0.101550033366633,0.105112780219780
29522,0.182571339260739,-0.102923833366633,0.0945350802197802
29523,0.160097739260739,-0.104297633366633,0.0824462802197802
29524,0.137624139260739,-0.0974286333666333,0.0718685802197802
29525,0.114448239260739,-0.0988024333666334,0.0658241802197802
29526,0.0975930392607393,-0.0933072333666334,0.0567575802197802
29527,0.0842493392607393,-0.0891858333666334,0.0582686802197802
29528,0.0807378392607393,-0.0850644333666334,0.0567575802197802
29529,0.0821424392607393,-0.0809430333666334,0.0612908802197802
29530,0.0898677392607393,-0.0754478333666334,0.0673352802197802
29531,0.0975930392607393,-0.0740740333666334,0.0748907802197802
29532,0.113745939260739,-0.0727002333666334,0.0900017802197802
29533,0.132708039260739,-0.0740740333666334,0.106623880219780
29534,0.157288539260739,-0.0768216333666333,0.121734880219780
29535,0.183975939260739,-0.0823168333666334,0.138356980219780
29536,0.207854139260739,-0.0823168333666334,0.153467980219780
29537,0.226816239260739,-0.0850644333666334,0.167067880219780
29538,0.241564539260739,-0.0905596333666334,0.182178880219780
29539,0.246480639260739,-0.0933072333666334,0.191245480219780
29540,0.242969139260739,-0.0905596333666334,0.195778780219780
29541,0.237350739260739,-0.0933072333666334,0.197289880219780
29542,0.224709339260739,-0.0933072333666334,0.195778780219780
29543,0.207151839260739,-0.0905596333666334,0.192756580219780
29544,0.184678239260739,-0.0933072333666334,0.189734380219780
29545,0.157288539260739,-0.0974286333666333,0.180667780219780
29546,0.132708039260739,-0.102923833366633,0.174623380219780
29547,0.109532139260739,-0.105671433366633,0.161023480219780
29548,0.0919746392607393,-0.104297633366633,0.153467980219780
29549,0.0800355392607393,-0.101550033366633,0.136845880219780
29550,0.0807378392607393,-0.0960548333666334,0.117201580219780
29551,0.0870585392607393,-0.0864382333666334,0.102090580219780
29552,0.101806839260739,-0.0768216333666333,0.0900017802197802
29553,0.119364339260739,-0.0630836333666334,0.0824462802197802
29554,0.142540239260739,-0.0548408333666334,0.0794240802197802
29555,0.167120739260739,-0.0479718333666334,0.0779129802197802
29556,0.192403539260739,-0.0397290333666334,0.0824462802197802
29557,0.219090939260739,-0.0356076333666334,0.0900017802197802
29558,0.244373739260739,-0.0314862333666334,0.0975572802197802
29559,0.266145039260739,-0.0287386333666334,0.109646080219780
29560,0.280893339260739,-0.0287386333666334,0.121734880219780
29561,0.290023239260739,-0.0342338333666334,0.136845880219780
29562,0.290725539260739,-0.0411028333666334,0.148934680219780
29563,0.281595639260739,-0.0479718333666334,0.161023480219780
29564,0.264740439260739,-0.0589622333666334,0.170090080219780
29565,0.247182939260739,-0.0658312333666334,0.174623380219780
29566,0.224709339260739,-0.0699526333666334,0.176134480219780
29567,0.200128839260739,-0.0727002333666334,0.171601180219780
29568,0.176952939260739,-0.0740740333666334,0.167067880219780
29569,0.153777039260739,-0.0768216333666333,0.162534580219780
29570,0.132708039260739,-0.0727002333666334,0.153467980219780
29571,0.117257439260739,-0.0699526333666334,0.141379180219780
29572,0.108127539260739,-0.0672050333666334,0.129290380219780
29573,0.103211439260739,-0.0630836333666334,0.121734880219780
29574,0.105318339260739,-0.0658312333666334,0.111157180219780
29575,0.113043639260739,-0.0644574333666334,0.108134980219780
29576,0.124280439260739,-0.0672050333666334,0.0975572802197802
29577,0.143944839260739,-0.0672050333666334,0.0930239802197802
29578,0.165013839260739,-0.0685788333666334,0.0900017802197802
29579,0.188189739260739,-0.0644574333666334,0.0824462802197802
29580,0.213472539260739,-0.0603360333666334,0.0748907802197802
29581,0.237350739260739,-0.0520932333666334,0.0748907802197802
29582,0.259824339260739,-0.0438504333666334,0.0703574802197802
29583,0.275977239260739,-0.0342338333666334,0.0643130802197802
29584,0.287916339260739,-0.0246172333666334,0.0628019802197802
29585,0.292832439260739,-0.0218696333666334,0.0628019802197802
29586,0.290725539260739,-0.0136268333666334,0.0643130802197802
29587,0.278786439260739,-0.0108792333666334,0.0703574802197802
29588,0.262633539260739,-0.00950543336663336,0.0779129802197802
29589,0.238053039260739,-0.0163744333666334,0.0900017802197802
29590,0.209961039260739,-0.0287386333666334,0.103601680219780
29591,0.176952939260739,-0.0424766333666334,0.126268180219780
29592,0.145349439260739,-0.0589622333666334,0.148934680219780
29593,0.110234439260739,-0.0727002333666334,0.167067880219780
29594,0.0856539392607393,-0.0864382333666334,0.183689980219780
29595,0.0673941392607393,-0.0905596333666334,0.195778780219780
29596,0.0603711392607393,-0.0905596333666334,0.203334280219780
29597,0.0638826392607393,-0.0891858333666334,0.201823180219780
29598,0.0737148392607393,-0.0823168333666334,0.197289880219780
29599,0.0912723392607393,-0.0713264333666334,0.189734380219780
29600,0.113043639260739,-0.0672050333666334,0.182178880219780
29601,0.135517239260739,-0.0630836333666334,0.170090080219780
29602,0.160097739260739,-0.0562146333666334,0.158001280219780
29603,0.183975939260739,-0.0520932333666334,0.148934680219780
29604,0.207151839260739,-0.0479718333666334,0.138356980219780
29605,0.222602439260739,-0.0465980333666334,0.126268180219780
29606,0.237350739260739,-0.0479718333666334,0.117201580219780
29607,0.244373739260739,-0.0479718333666334,0.108134980219780
29608,0.243671439260739,-0.0507194333666334,0.100579480219780
29609,0.233839239260739,-0.0493456333666334,0.0960461802197802
29610,0.219793239260739,-0.0465980333666334,0.0945350802197802
29611,0.201533439260739,-0.0493456333666334,0.0854684802197802
29612,0.181166739260739,-0.0479718333666334,0.0839573802197802
29613,0.160097739260739,-0.0452242333666334,0.0824462802197802
29614,0.139028739260739,-0.0424766333666334,0.0839573802197802
29615,0.122173539260739,-0.0397290333666334,0.0779129802197802
29616,0.105318339260739,-0.0397290333666334,0.0794240802197802
29617,0.0933792392607393,-0.0438504333666334,0.0854684802197802
29618,0.0877608392607393,-0.0438504333666334,0.0869795802197802
29619,0.0821424392607393,-0.0465980333666334,0.0945350802197802
29620,0.0849516392607393,-0.0507194333666334,0.105112780219780
29621,0.0919746392607393,-0.0520932333666334,0.115690480219780
29622,0.103913739260739,-0.0548408333666334,0.124757080219780
29623,0.118662039260739,-0.0534670333666334,0.133823680219780
29624,0.135517239260739,-0.0548408333666334,0.141379180219780
29625,0.149563239260739,-0.0520932333666334,0.145912480219780
29626,0.166418439260739,-0.0493456333666334,0.148934680219780
29627,0.179059839260739,-0.0479718333666334,0.148934680219780
29628,0.187487439260739,-0.0479718333666334,0.145912480219780
29629,0.197319639260739,-0.0465980333666334,0.139868080219780
29630,0.201533439260739,-0.0452242333666334,0.127779280219780
29631,0.201533439260739,-0.0411028333666334,0.117201580219780
29632,0.199426539260739,-0.0383552333666334,0.100579480219780
29633,0.193105839260739,-0.0287386333666334,0.0839573802197802
29634,0.182571339260739,-0.0232434333666334,0.0673352802197802
29635,0.172036839260739,-0.0177482333666334,0.0567575802197802
29636,0.155181639260739,-0.0108792333666334,0.0461798802197802
29637,0.142540239260739,-0.0122530333666334,0.0461798802197802
29638,0.126387339260739,-0.00950543336663336,0.0461798802197802
29639,0.115150539260739,-0.00675783336663337,0.0537353802197802
29640,0.106722939260739,-0.00675783336663337,0.0612908802197802
29641,0.102509139260739,-0.00263643336663337,0.0688463802197802
29642,0.103211439260739,0.00148496663336663,0.0839573802197802
29643,0.112341339260739,0.00423256663336663,0.0900017802197802
29644,0.124280439260739,0.00423256663336663,0.0990683802197802
29645,0.136921839260739,0.00423256663336663,0.108134980219780
29646,0.153074739260739,0.00560636663336663,0.117201580219780
29647,0.168525339260739,0.00148496663336663,0.129290380219780
29648,0.184678239260739,0.00148496663336663,0.138356980219780
29649,0.197319639260739,0.00148496663336663,0.144401380219780
29650,0.203640339260739,0.000111166633366634,0.147423580219780
29651,0.209258739260739,0.00148496663336663,0.148934680219780
29652,0.212770239260739,-0.00126263336663337,0.148934680219780
29653,0.209258739260739,-0.00538403336663337,0.148934680219780
29654,0.201533439260739,-0.00675783336663337,0.141379180219780
29655,0.189594339260739,-0.00813163336663337,0.130801480219780
29656,0.173441439260739,-0.00950543336663336,0.121734880219780
29657,0.156586239260739,-0.0122530333666334,0.114179380219780
29658,0.140433339260739,-0.0122530333666334,0.102090580219780
29659,0.123578139260739,-0.0177482333666334,0.0915128802197802
29660,0.108127539260739,-0.0191220333666334,0.0839573802197802
29661,0.0975930392607393,-0.0191220333666334,0.0748907802197802
29662,0.0898677392607393,-0.0246172333666334,0.0673352802197802
29663,0.0884631392607393,-0.0191220333666334,0.0597797802197802
29664,0.0905700392607393,-0.0136268333666334,0.0582686802197802
29665,0.0954861392607393,-0.0108792333666334,0.0597797802197802
29666,0.108829839260739,-0.00401023336663337,0.0628019802197802
29667,0.123578139260739,0.00423256663336663,0.0673352802197802
29668,0.136219539260739,0.0111015666333666,0.0673352802197802
29669,0.156586239260739,0.0179705666333666,0.0703574802197802
29670,0.174143739260739,0.0289609666333666,0.0733796802197802
29671,0.188189739260739,0.0317085666333666,0.0779129802197802
29672,0.194510439260739,0.0372037666333666,0.0824462802197802
29673,0.191701239260739,0.0344561666333666,0.0900017802197802
29674,0.181166739260739,0.0207181666333666,0.0975572802197802
29675,0.166418439260739,0.00835396663336663,0.108134980219780
29676,0.150967839260739,-0.00675783336663337,0.117201580219780
29677,0.133410339260739,-0.0218696333666334,0.121734880219780
29678,0.110936739260739,-0.0301124333666334,0.121734880219780
29679,0.0905700392607393,-0.0397290333666334,0.127779280219780
29680,0.0709056392607393,-0.0479718333666334,0.124757080219780
29681,0.0540504392607393,-0.0520932333666334,0.120223780219780
29682,0.0400044392607393,-0.0562146333666334,0.117201580219780
29683,0.0301722392607393,-0.0562146333666334,0.109646080219780
29684,0.0259584392607393,-0.0520932333666334,0.102090580219780
29685,0.0294699392607393,-0.0479718333666334,0.0900017802197802
29686,0.0371952392607393,-0.0452242333666334,0.0809351802197802
29687,0.0477297392607393,-0.0369814333666334,0.0733796802197802
29688,0.0610734392607393,-0.0273648333666334,0.0628019802197802
29689,0.0786309392607393,-0.0218696333666334,0.0552464802197802
29690,0.0933792392607393,-0.0177482333666334,0.0492020802197802
29691,0.112341339260739,-0.0122530333666334,0.0476909802197802
29692,0.130601139260739,-0.0108792333666334,0.0476909802197802
29693,0.146754039260739,-0.00950543336663336,0.0492020802197802
29694,0.159395439260739,-0.00950543336663336,0.0552464802197802
29695,0.164311539260739,-0.00813163336663337,0.0552464802197802
29696,0.159395439260739,-0.00538403336663337,0.0612908802197802
29697,0.156586239260739,-0.00401023336663337,0.0658241802197802
29698,0.146754039260739,-0.00401023336663337,0.0688463802197802
29699,0.136921839260739,-0.00263643336663337,0.0688463802197802
29700,0.122173539260739,-0.00538403336663337,0.0673352802197802
29701,0.107425239260739,-0.00813163336663337,0.0643130802197802
29702,0.0884631392607393,-0.0108792333666334,0.0628019802197802
29703,0.0709056392607393,-0.0122530333666334,0.0643130802197802
29704,0.0547527392607393,-0.0204958333666334,0.0628019802197802
29705,0.0385998392607393,-0.0301124333666334,0.0643130802197802
29706,0.0259584392607393,-0.0356076333666334,0.0643130802197802
29707,0.0210423392607393,-0.0411028333666334,0.0658241802197802
29708,0.0196377392607393,-0.0507194333666334,0.0643130802197802
29709,0.0217446392607393,-0.0534670333666334,0.0688463802197802
29710,0.0259584392607393,-0.0548408333666334,0.0748907802197802
29711,0.0350883392607393,-0.0548408333666334,0.0764018802197802
29712,0.0463251392607393,-0.0534670333666334,0.0779129802197802
29713,0.0603711392607393,-0.0452242333666334,0.0764018802197802
29714,0.0786309392607393,-0.0369814333666334,0.0733796802197802
29715,0.0989976392607393,-0.0246172333666334,0.0597797802197802
29716,0.120768939260739,-0.00950543336663336,0.0476909802197802
29717,0.139731039260739,0.00698016663336663,0.0295577802197802
29718,0.153777039260739,0.0193443666333666,0.0144467802197802
29719,0.160097739260739,0.0289609666333666,0.00084688021978022
29720,0.158693139260739,0.0344561666333666,-0.00368641978021978
29721,0.155883939260739,0.0344561666333666,-0.00519751978021978
29722,0.143944839260739,0.0317085666333666,-0.00670861978021978
29723,0.131303439260739,0.0275871666333666,-0.00368641978021978
29724,0.117257439260739,0.0234657666333666,0.00235798021978022
29725,0.100402239260739,0.0193443666333666,0.00840238021978022
29726,0.0842493392607393,0.0193443666333666,0.0174689802197802
29727,0.0702033392607393,0.0165967666333666,0.0250244802197802
29728,0.0582642392607393,0.0138491666333666,0.0340910802197802
29729,0.0519435392607393,0.0124753666333666,0.0446687802197802
29730,0.0491343392607393,0.0111015666333666,0.0507131802197802
29731,0.0519435392607393,0.00423256663336663,0.0582686802197802
29732,0.0596688392607393,0.00285876663336663,0.0643130802197802
29733,0.0716079392607393,0.00285876663336663,0.0612908802197802
29734,0.0814401392607393,0.00148496663336663,0.0628019802197802
29735,0.0954861392607393,0.000111166633366634,0.0628019802197802
29736,0.106722939260739,0.000111166633366634,0.0628019802197802
29737,0.119364339260739,0.00148496663336663,0.0628019802197802
29738,0.132005739260739,0.00285876663336663,0.0597797802197802
29739,0.140433339260739,0.00698016663336663,0.0582686802197802
29740,0.145349439260739,0.00423256663336663,0.0567575802197802
29741,0.143944839260739,0.00835396663336663,0.0537353802197802
29742,0.139731039260739,0.0111015666333666,0.0476909802197802
29743,0.132708039260739,0.0124753666333666,0.0416465802197802
29744,0.122875839260739,0.0138491666333666,0.0325799802197802
29745,0.113043639260739,0.0138491666333666,0.0204911802197802
29746,0.101806839260739,0.0138491666333666,0.0114245802197802
29747,0.0898677392607393,0.0138491666333666,-0.00368641978021978
29748,0.0800355392607393,0.0152229666333666,-0.0127530197802198
29749,0.0730125392607393,0.0138491666333666,-0.0233307197802198
29750,0.0687987392607393,0.0165967666333666,-0.0293751197802198
29751,0.0638826392607393,0.0193443666333666,-0.0308862197802198
29752,0.0652872392607393,0.0193443666333666,-0.0278640197802198
29753,0.0687987392607393,0.0234657666333666,-0.0278640197802198
29754,0.0730125392607393,0.0220919666333666,-0.0218196197802198
29755,0.0814401392607393,0.0248395666333666,-0.0127530197802198
29756,0.0884631392607393,0.0220919666333666,0.00235798021978022
29757,0.0933792392607393,0.0165967666333666,0.0129356802197802
29758,0.0968907392607393,0.00835396663336663,0.0295577802197802
29759,0.0975930392607393,0.00148496663336663,0.0431576802197802
29760,0.0996999392607393,-0.00675783336663337,0.0552464802197802
29761,0.103211439260739,-0.0136268333666334,0.0658241802197802
29762,0.107425239260739,-0.0177482333666334,0.0658241802197802
29763,0.106722939260739,-0.0191220333666334,0.0643130802197802
29764,0.105318339260739,-0.0218696333666334,0.0582686802197802
29765,0.101104539260739,-0.0232434333666334,0.0537353802197802
29766,0.0926769392607393,-0.0232434333666334,0.0507131802197802
29767,0.0814401392607393,-0.0218696333666334,0.0446687802197802
29768,0.0709056392607393,-0.0177482333666334,0.0325799802197802
29769,0.0582642392607393,-0.0204958333666334,0.0235133802197802
29770,0.0491343392607393,-0.0177482333666334,0.0144467802197802
29771,0.0421113392607393,-0.0163744333666334,0.00538018021978022
29772,0.0371952392607393,-0.0136268333666334,-0.00519751978021978
29773,0.0322791392607393,-0.0122530333666334,-0.0142641197802198
29774,0.0294699392607393,-0.0108792333666334,-0.0233307197802198
29775,0.0315768392607393,-0.00950543336663336,-0.0293751197802198
29776,0.0378975392607393,-0.0108792333666334,-0.0323973197802198
29777,0.0470274392607393,-0.0122530333666334,-0.0354195197802198
29778,0.0596688392607393,-0.0122530333666334,-0.0369306197802198
29779,0.0737148392607393,-0.0108792333666334,-0.0354195197802198
29780,0.0856539392607393,-0.0108792333666334,-0.0339084197802198
29781,0.0968907392607393,-0.00675783336663337,-0.0263529197802198
29782,0.107425239260739,-0.00675783336663337,-0.0203085197802198
29783,0.117959739260739,-0.00126263336663337,-0.00973081978021978
29784,0.122875839260739,-0.00126263336663337,-0.00217531978021978
29785,0.125685039260739,0.00285876663336663,0.00840238021978022
29786,0.122173539260739,0.00148496663336663,0.0174689802197802
29787,0.117257439260739,-0.00263643336663337,0.0235133802197802
29788,0.106722939260739,-0.00538403336663337,0.0280466802197802
29789,0.0933792392607393,-0.00813163336663337,0.0340910802197802
29790,0.0793332392607393,-0.0163744333666334,0.0340910802197802
29791,0.0610734392607393,-0.0218696333666334,0.0356021802197802
29792,0.0477297392607393,-0.0273648333666334,0.0356021802197802
29793,0.0315768392607393,-0.0314862333666334,0.0356021802197802
29794,0.0224469392607393,-0.0369814333666334,0.0356021802197802
29795,0.0154239392607393,-0.0369814333666334,0.0356021802197802
29796,0.0105078392607393,-0.0328600333666334,0.0310688802197802
29797,0.00980553926073927,-0.0328600333666334,0.0280466802197802
29798,0.0168285392607393,-0.0259910333666334,0.0204911802197802
29799,0.0294699392607393,-0.0150006333666334,0.0114245802197802
29800,0.0477297392607393,-0.00263643336663337,-0.00066421978021978
29801,0.0687987392607393,0.00423256663336663,-0.0172863197802198
29802,0.0905700392607393,0.0179705666333666,-0.0248418197802198
29803,0.106020639260739,0.0262133666333666,-0.0369306197802198
29804,0.120768939260739,0.0275871666333666,-0.0414639197802198
29805,0.131303439260739,0.0289609666333666,-0.0459972197802198
29806,0.137624139260739,0.0275871666333666,-0.0429750197802198
29807,0.141135639260739,0.0262133666333666,-0.0429750197802198
29808,0.141837939260739,0.0262133666333666,-0.0369306197802198
29809,0.135517239260739,0.0234657666333666,-0.0293751197802198
29810,0.127791939260739,0.0234657666333666,-0.0233307197802198
29811,0.114448239260739,0.0207181666333666,-0.0127530197802198
29812,0.0982953392607393,0.0179705666333666,-0.00217531978021978
29813,0.0835470392607393,0.0138491666333666,0.00840238021978022
29814,0.0652872392607393,0.00972776663336663,0.0204911802197802
29815,0.0491343392607393,0.00423256663336663,0.0265355802197802
29816,0.0357906392607393,0.00148496663336663,0.0295577802197802
29817,0.0245538392607393,0.000111166633366634,0.0340910802197802
29818,0.0210423392607393,-0.00126263336663337,0.0356021802197802
29819,0.0182331392607393,-0.00538403336663337,0.0340910802197802
29820,0.0161262392607393,-0.00401023336663337,0.0325799802197802
29821,0.0217446392607393,-0.00401023336663337,0.0310688802197802
29822,0.0280653392607393,0.00148496663336663,0.0265355802197802
29823,0.0400044392607393,0.00560636663336663,0.0235133802197802
29824,0.0526458392607393,0.00835396663336663,0.0204911802197802
29825,0.0645849392607393,0.00972776663336663,0.0174689802197802
29826,0.0737148392607393,0.0138491666333666,0.0159578802197802
29827,0.0842493392607393,0.0165967666333666,0.0129356802197802
29828,0.0919746392607393,0.0207181666333666,0.00689128021978022
29829,0.0961884392607393,0.0220919666333666,0.00084688021978022
29830,0.101806839260739,0.0248395666333666,-0.00519751978021978
29831,0.101806839260739,0.0220919666333666,-0.0127530197802198
29832,0.101104539260739,0.0234657666333666,-0.0203085197802198
29833,0.0982953392607393,0.0234657666333666,-0.0278640197802198
29834,0.0926769392607393,0.0248395666333666,-0.0354195197802198
29835,0.0877608392607393,0.0275871666333666,-0.0429750197802198
29836,0.0786309392607393,0.0289609666333666,-0.0444861197802198
29837,0.0666918392607393,0.0317085666333666,-0.0459972197802198
29838,0.0589665392607393,0.0289609666333666,-0.0444861197802198
29839,0.0477297392607393,0.0275871666333666,-0.0414639197802198
29840,0.0400044392607393,0.0234657666333666,-0.0308862197802198
29841,0.0287676392607393,0.0165967666333666,-0.0157752197802198
29842,0.0182331392607393,0.00560636663336663,-0.00066421978021978
29843,0.0105078392607393,-0.00401023336663337,0.0189800802197802
29844,0.00629403926073926,-0.0136268333666334,0.0340910802197802
29845,0.00910323926073926,-0.0177482333666334,0.0431576802197802
29846,0.0126147392607393,-0.0218696333666334,0.0492020802197802
29847,0.0203400392607393,-0.0232434333666334,0.0507131802197802
29848,0.0273630392607393,-0.0259910333666334,0.0492020802197802
29849,0.0385998392607393,-0.0246172333666334,0.0446687802197802
29850,0.0470274392607393,-0.0218696333666334,0.0386243802197802
29851,0.0554550392607393,-0.0177482333666334,0.0340910802197802
29852,0.0596688392607393,-0.0136268333666334,0.0235133802197802
29853,0.0652872392607393,-0.00950543336663336,0.0129356802197802
29854,0.0673941392607393,-0.00538403336663337,0.00689128021978022
29855,0.0680964392607393,-0.00263643336663337,-0.00217531978021978
29856,0.0687987392607393,0.000111166633366634,-0.0112419197802198
29857,0.0652872392607393,0.00148496663336663,-0.0172863197802198
29858,0.0596688392607393,0.00148496663336663,-0.0203085197802198
29859,0.0547527392607393,-0.00126263336663337,-0.0248418197802198
29860,0.0428136392607393,-0.00401023336663337,-0.0323973197802198
29861,0.0371952392607393,-0.00813163336663337,-0.0308862197802198
29862,0.0322791392607393,-0.00950543336663336,-0.0323973197802198
29863,0.0273630392607393,-0.0122530333666334,-0.0308862197802198
29864,0.0259584392607393,-0.0136268333666334,-0.0293751197802198
29865,0.0259584392607393,-0.0122530333666334,-0.0248418197802198
29866,0.0287676392607393,-0.0108792333666334,-0.0233307197802198
29867,0.0378975392607393,-0.00950543336663336,-0.0172863197802198
29868,0.0456228392607393,-0.00950543336663336,-0.00821971978021978
29869,0.0554550392607393,-0.00675783336663337,-0.00066421978021978
29870,0.0603711392607393,-0.00813163336663337,0.00689128021978022
29871,0.0702033392607393,-0.00813163336663337,0.0174689802197802
29872,0.0744171392607393,-0.0136268333666334,0.0235133802197802
29873,0.0765240392607393,-0.0204958333666334,0.0371132802197802
29874,0.0779286392607393,-0.0246172333666334,0.0446687802197802
29875,0.0751194392607393,-0.0287386333666334,0.0507131802197802
29876,0.0716079392607393,-0.0369814333666334,0.0567575802197802
29877,0.0631803392607393,-0.0438504333666334,0.0582686802197802
29878,0.0547527392607393,-0.0479718333666334,0.0567575802197802
29879,0.0470274392607393,-0.0520932333666334,0.0537353802197802
29880,0.0371952392607393,-0.0520932333666334,0.0492020802197802
29881,0.0294699392607393,-0.0452242333666334,0.0401354802197802
29882,0.0252561392607393,-0.0397290333666334,0.0295577802197802
29883,0.0273630392607393,-0.0259910333666334,0.0144467802197802
29884,0.0315768392607393,-0.0163744333666334,0.00235798021978022
29885,0.0364929392607393,-0.00675783336663337,-0.00973081978021978
29886,0.0400044392607393,0.00423256663336663,-0.0157752197802198
29887,0.0477297392607393,0.0124753666333666,-0.0248418197802198
29888,0.0512412392607393,0.0165967666333666,-0.0248418197802198
29889,0.0582642392607393,0.0152229666333666,-0.0203085197802198
29890,0.0652872392607393,0.0138491666333666,-0.0203085197802198
29891,0.0709056392607393,0.0124753666333666,-0.0157752197802198
29892,0.0807378392607393,0.0138491666333666,-0.00973081978021978
29893,0.0863562392607393,0.0111015666333666,-0.00368641978021978
29894,0.0912723392607393,0.00560636663336663,0.00386908021978022
29895,0.0968907392607393,0.00698016663336663,0.00689128021978022
29896,0.0961884392607393,0.00285876663336663,0.0174689802197802
29897,0.0947838392607393,-0.00126263336663337,0.0204911802197802
29898,0.0919746392607393,-0.00538403336663337,0.0265355802197802
29899,0.0842493392607393,-0.00950543336663336,0.0295577802197802
29900,0.0765240392607393,-0.0108792333666334,0.0340910802197802
29901,0.0673941392607393,-0.0136268333666334,0.0356021802197802
29902,0.0596688392607393,-0.0163744333666334,0.0371132802197802
29903,0.0484320392607393,-0.0177482333666334,0.0356021802197802
29904,0.0393021392607393,-0.0218696333666334,0.0356021802197802
29905,0.0329814392607393,-0.0177482333666334,0.0340910802197802
29906,0.0259584392607393,-0.0218696333666334,0.0310688802197802
29907,0.0224469392607393,-0.0204958333666334,0.0310688802197802
29908,0.0217446392607393,-0.0191220333666334,0.0265355802197802
29909,0.0238515392607393,-0.0177482333666334,0.0235133802197802
29910,0.0287676392607393,-0.0122530333666334,0.0189800802197802
29911,0.0329814392607393,-0.00813163336663337,0.0159578802197802
29912,0.0421113392607393,-0.00263643336663337,0.0129356802197802
29913,0.0512412392607393,0.00285876663336663,0.0129356802197802
29914,0.0645849392607393,0.00835396663336663,0.00991348021978022
29915,0.0730125392607393,0.0111015666333666,0.00840238021978022
29916,0.0807378392607393,0.0152229666333666,0.00538018021978022
29917,0.0877608392607393,0.0152229666333666,0.00538018021978022
29918,0.0912723392607393,0.0179705666333666,0.00386908021978022
29919,0.0940815392607393,0.0193443666333666,0.00084688021978022
29920,0.0954861392607393,0.0193443666333666,0.00084688021978022
29921,0.0898677392607393,0.0179705666333666,0.00235798021978022
29922,0.0821424392607393,0.0152229666333666,0.00084688021978022
29923,0.0687987392607393,0.00835396663336663,0.00689128021978022
29924,0.0540504392607393,-0.00263643336663337,0.0129356802197802
29925,0.0371952392607393,-0.0108792333666334,0.0250244802197802
29926,0.0182331392607393,-0.0204958333666334,0.0371132802197802
29927,0.00137793926073926,-0.0287386333666334,0.0446687802197802
29928,-0.00985886073926074,-0.0328600333666334,0.0507131802197802
29929,-0.0189887607392607,-0.0369814333666334,0.0567575802197802
29930,-0.0203933607392607,-0.0356076333666334,0.0612908802197802
29931,-0.0203933607392607,-0.0383552333666334,0.0628019802197802
29932,-0.0168818607392607,-0.0356076333666334,0.0597797802197802
29933,-0.0112634607392607,-0.0342338333666334,0.0582686802197802
29934,-0.00634736073926074,-0.0328600333666334,0.0567575802197802
29935,0.00278253926073926,-0.0287386333666334,0.0492020802197802
29936,0.0105078392607393,-0.0259910333666334,0.0446687802197802
29937,0.0224469392607393,-0.0246172333666334,0.0356021802197802
29938,0.0259584392607393,-0.0191220333666334,0.0340910802197802
29939,0.0343860392607393,-0.0136268333666334,0.0250244802197802
29940,0.0385998392607393,-0.0122530333666334,0.0204911802197802
29941,0.0442182392607393,-0.00950543336663336,0.0174689802197802
29942,0.0463251392607393,-0.00401023336663337,0.0129356802197802
29943,0.0456228392607393,-0.00538403336663337,0.0114245802197802
29944,0.0449205392607393,-0.00263643336663337,0.00991348021978022
29945,0.0385998392607393,-0.00401023336663337,0.00991348021978022
29946,0.0329814392607393,-0.00675783336663337,0.00840238021978022
29947,0.0259584392607393,-0.00675783336663337,0.00991348021978022
29948,0.0168285392607393,-0.00950543336663336,0.00840238021978022
29949,0.00910323926073926,-0.00950543336663336,0.00235798021978022
29950,0.00278253926073926,-0.0108792333666334,-0.00066421978021978
29951,-0.00283586073926074,-0.00950543336663336,-0.00066421978021978
29952,-0.00845426073926074,-0.0150006333666334,0.00084688021978022
29953,-0.0112634607392607,-0.0150006333666334,0.00084688021978022
29954,-0.0119657607392607,-0.0150006333666334,0.00084688021978022
29955,-0.0161795607392607,-0.0163744333666334,0.00386908021978022
29956,-0.0168818607392607,-0.0191220333666334,0.00689128021978022
29957,-0.0126680607392607,-0.0218696333666334,0.0114245802197802
29958,-0.0112634607392607,-0.0273648333666334,0.0174689802197802
29959,-0.00634736073926074,-0.0314862333666334,0.0235133802197802
29960,-0.00143126073926074,-0.0356076333666334,0.0295577802197802
29961,0.00067563926073926,-0.0383552333666334,0.0325799802197802
29962,0.00418713926073926,-0.0411028333666334,0.0340910802197802
29963,0.00910323926073926,-0.0438504333666334,0.0310688802197802
29964,0.0154239392607393,-0.0397290333666334,0.0280466802197802
29965,0.0175308392607393,-0.0342338333666334,0.0204911802197802
29966,0.0245538392607393,-0.0232434333666334,0.00840238021978022
29967,0.0294699392607393,-0.00813163336663337,-0.00973081978021978
29968,0.0329814392607393,0.00698016663336663,-0.0233307197802198
29969,0.0329814392607393,0.0165967666333666,-0.0384417197802198
29970,0.0315768392607393,0.0248395666333666,-0.0475083197802198
29971,0.0238515392607393,0.0275871666333666,-0.0550638197802198
29972,0.0168285392607393,0.0330823666333666,-0.0580860197802198
29973,0.00980553926073927,0.0317085666333666,-0.0580860197802198
29974,0.00348483926073926,0.0289609666333666,-0.0580860197802198
29975,0.00067563926073926,0.0262133666333666,-0.0580860197802198
29976,-0.00143126073926074,0.0234657666333666,-0.0580860197802198
29977,-0.00424046073926074,0.0138491666333666,-0.0565749197802198
29978,-0.00424046073926074,0.0124753666333666,-0.0535527197802198
29979,-0.00143126073926074,0.00148496663336663,-0.0565749197802198
29980,0.00137793926073926,-0.00126263336663337,-0.0565749197802198
29981,0.00769863926073926,-0.00950543336663336,-0.0565749197802198
29982,0.0119124392607393,-0.0108792333666334,-0.0550638197802198
29983,0.0182331392607393,-0.0122530333666334,-0.0626193197802198
29984,0.0266607392607393,-0.0122530333666334,-0.0656415197802198
29985,0.0301722392607393,-0.0122530333666334,-0.0716859197802198
29986,0.0343860392607393,-0.0122530333666334,-0.0777303197802198
29987,0.0371952392607393,-0.00813163336663337,-0.0988857197802198
29988,0.0371952392607393,-0.00813163336663337,-0.0852858197802198
29989,0.0350883392607393,-0.00538403336663337,-0.0883080197802198
29990,0.0322791392607393,-0.00401023336663337,-0.0913302197802198
29991,0.0259584392607393,-0.00401023336663337,-0.0883080197802198
29992,0.0196377392607393,-0.00401023336663337,-0.0852858197802198
29993,0.0133170392607393,-0.00263643336663337,-0.0792414197802198
29994,0.00488943926073926,-0.00126263336663337,-0.0731970197802198
29995,-0.00213356073926074,0.00285876663336663,-0.0716859197802198
29996,-0.00353816073926074,0.00698016663336663,-0.0686637197802198
29997,-0.00564506073926074,0.0124753666333666,-0.0701748197802198
29998,-0.00634736073926074,0.0179705666333666,-0.0641304197802198
29999,-0.00494276073926074,0.0248395666333666,-0.0595971197802198
30000,-0.00213356073926074,0.0303347666333666,-0.0535527197802198
30001,0.00137793926073926,0.0385775666333666,-0.0520416197802198
30002,0.00769863926073926,0.0440727666333666,-0.0475083197802198
30003,0.0189354392607393,0.0468203666333666,-0.0399528197802198
30004,0.0224469392607393,0.0454465666333666,-0.0399528197802198
30005,0.0280653392607393,0.0440727666333666,-0.0323973197802198
30006,0.0287676392607393,0.0399513666333666,-0.0263529197802198
30007,0.0273630392607393,0.0317085666333666,-0.0187974197802198
30008,0.0217446392607393,0.0207181666333666,-0.00519751978021978
30009,0.0140193392607393,0.00835396663336663,0.00689128021978022
30010,0.00559173926073926,0.00148496663336663,0.0144467802197802
30011,-0.00424046073926074,0.00148496663336663,0.0174689802197802
30012,-0.0126680607392607,0.00560636663336663,0.0189800802197802
30013,-0.0203933607392607,0.0165967666333666,0.0159578802197802
30014,-0.0246071607392607,0.0317085666333666,0.00991348021978022
30015,-0.0309278607392607,0.0564369666333666,0.00538018021978022
30016,-0.0344393607392607,0.0797915666333666,-0.00217531978021978
30017,-0.0456761607392607,0.0990247666333666,-0.0142641197802198
30018,-0.0576152607392607,0.107267566633367,-0.0293751197802198
30019,-0.0653405607392607,0.105893766633367,-0.0444861197802198
30020,-0.0709589607392608,0.0852867666333666,-0.0505305197802198
30021,-0.0597221607392607,0.0536893666333666,-0.0429750197802198
30022,-0.0316301607392607,0.0124753666333666,-0.0308862197802198
30023,-0.000728960739260738,-0.0411028333666334,-0.00821971978021978
30024,0.0238515392607393,-0.0933072333666334,0.0189800802197802
30025,0.0385998392607393,-0.142764033366633,0.0446687802197802
30026,0.0505389392607393,-0.183978033366633,0.0718685802197802
30027,0.0561573392607393,-0.214201633366633,0.0990683802197802
30028,0.0617757392607393,-0.233434833366633,0.117201580219780
30029,0.0652872392607393,-0.240303833366633,0.127779280219780
30030,0.0695010392607393,-0.229313433366633,0.127779280219780
30031,0.0716079392607393,-0.205958833366633,0.123245980219780
30032,0.0624780392607393,-0.170240033366633,0.109646080219780
30033,0.0393021392607393,-0.119409433366633,0.0900017802197802
30034,0.0126147392607393,-0.0603360333666334,0.0658241802197802
30035,-0.0140726607392607,-0.00401023336663337,0.0386243802197802
30036,-0.0386531607392607,0.0481941666333666,0.0159578802197802
30037,-0.0519968607392607,0.0921557666333666,-0.00519751978021978
30038,-0.0639359607392607,0.121005566633367,-0.0248418197802198
30039,-0.0751727607392607,0.137491166633367,-0.0414639197802198
30040,-0.0857072607392607,0.142986366633367,-0.0535527197802198
30041,-0.0920279607392607,0.133369766633367,-0.0580860197802198
30042,-0.0920279607392607,0.108641366633367,-0.0565749197802198
30043,-0.0850049607392607,0.0770439666333666,-0.0535527197802198
30044,-0.0730658607392607,0.0385775666333666,-0.0429750197802198
30045,-0.0512945607392607,-0.00401023336663337,-0.0278640197802198
30046,-0.0274163607392607,-0.0493456333666334,-0.0157752197802198
30047,0.00278253926073926,-0.0905596333666334,-0.00368641978021978
30048,0.0273630392607393,-0.124904633366633,0.0129356802197802
30049,0.0484320392607393,-0.148259233366633,0.0189800802197802
30050,0.0652872392607393,-0.159249633366633,0.0220022802197802
30051,0.0737148392607393,-0.155128233366633,0.0235133802197802
30052,0.0828447392607393,-0.144137833366633,0.0295577802197802
30053,0.0842493392607393,-0.120783233366633,0.0416465802197802
30054,0.0800355392607393,-0.0905596333666334,0.0356021802197802
30055,0.0645849392607393,-0.0507194333666334,0.0356021802197802
30056,0.0407067392607393,-0.00950543336663336,0.0325799802197802
30057,0.0140193392607393,0.0344561666333666,0.0265355802197802
30058,-0.00915656073926074,0.0715487666333666,0.0189800802197802
30059,-0.0323324607392607,0.107267566633367,0.00689128021978022
30060,-0.0498899607392607,0.129248366633367,-0.00066421978021978
30061,-0.0597221607392607,0.141612566633367,-0.0142641197802198
30062,-0.0660428607392607,0.138864966633367,-0.0248418197802198
30063,-0.0639359607392607,0.122379366633367,-0.0354195197802198
30064,-0.0562106607392607,0.0990247666333666,-0.0429750197802198
30065,-0.0484853607392607,0.0578107666333666,-0.0475083197802198
30066,-0.0372485607392607,0.0124753666333666,-0.0505305197802198
30067,-0.0239048607392607,-0.0342338333666334,-0.0520416197802198
30068,-0.00775196073926074,-0.0809430333666334,-0.0505305197802198
30069,0.0126147392607393,-0.120783233366633,-0.0444861197802198
30070,0.0315768392607393,-0.153754433366633,-0.0354195197802198
30071,0.0442182392607393,-0.172987633366633,-0.0263529197802198
30072,0.0582642392607393,-0.174361433366633,-0.0203085197802198
30073,0.0666918392607393,-0.159249633366633,-0.0112419197802198
30074,0.0687987392607393,-0.133147433366633,-0.00368641978021978
30075,0.0709056392607393,-0.0946810333666333,0.00538018021978022
30076,0.0645849392607393,-0.0465980333666334,0.00991348021978022
30077,0.0533481392607393,0.00423256663336663,0.0159578802197802
30078,0.0428136392607393,0.0495679666333666,0.0144467802197802
30079,0.0308745392607393,0.0976509666333666,0.0144467802197802
30080,0.0203400392607393,0.133369766633367,0.0144467802197802
30081,0.00629403926073926,0.155350566633367,0.00991348021978022
30082,-0.00634736073926074,0.166340966633367,0.00991348021978022
30083,-0.0210956607392607,0.164967166633367,0.00538018021978022
30084,-0.0288209607392607,0.151229166633367,0.00235798021978022
30085,-0.0330347607392607,0.127874566633367,-0.00217531978021978
30086,-0.0337370607392607,0.0976509666333666,-0.00519751978021978
30087,-0.0323324607392607,0.0633059666333666,-0.0127530197802198
30088,-0.0267140607392607,0.0289609666333666,-0.0142641197802198
30089,-0.0175841607392607,-0.00675783336663337,-0.0187974197802198
30090,-0.00845426073926074,-0.0411028333666334,-0.0203085197802198
30091,-0.00283586073926074,-0.0713264333666334,-0.0187974197802198
30092,0.00488943926073926,-0.0960548333666334,-0.0142641197802198
30093,0.0126147392607393,-0.111166633366633,-0.00821971978021978
30094,0.0231492392607393,-0.122157033366633,-0.0112419197802198
30095,0.0301722392607393,-0.119409433366633,-0.0112419197802198
30096,0.0400044392607393,-0.108419033366633,-0.0157752197802198
30097,0.0442182392607393,-0.0905596333666334,-0.0157752197802198
30098,0.0463251392607393,-0.0672050333666334,-0.0157752197802198
30099,0.0400044392607393,-0.0465980333666334,-0.0127530197802198
30100,0.0336837392607393,-0.0177482333666334,-0.00973081978021978
30101,0.0231492392607393,0.00835396663336663,-0.00368641978021978
30102,0.0126147392607393,0.0330823666333666,0.00084688021978022
30103,-0.00353816073926074,0.0509417666333666,0.00235798021978022
30104,-0.0189887607392607,0.0674273666333666,0.00840238021978022
30105,-0.0309278607392607,0.0742963666333666,0.0144467802197802
30106,-0.0386531607392607,0.0784177666333666,0.0189800802197802
30107,-0.0477830607392607,0.0729225666333666,0.0220022802197802
30108,-0.0505922607392607,0.0550631666333666,0.0250244802197802
30109,-0.0512945607392607,0.0317085666333666,0.0310688802197802
30110,-0.0456761607392607,0.00423256663336663,0.0371132802197802
30111,-0.0365462607392607,-0.0273648333666334,0.0356021802197802
30112,-0.0232025607392607,-0.0548408333666334,0.0386243802197802
30113,-0.00634736073926074,-0.0809430333666334,0.0356021802197802
30114,0.0112101392607393,-0.102923833366633,0.0310688802197802
30115,0.0294699392607393,-0.113914233366633,0.0265355802197802
30116,0.0498366392607393,-0.118035633366633,0.0174689802197802
30117,0.0673941392607393,-0.112540433366633,0.00840238021978022
30118,0.0814401392607393,-0.100176233366633,-0.00670861978021978
30119,0.0933792392607393,-0.0795692333666334,-0.0142641197802198
30120,0.0961884392607393,-0.0589622333666334,-0.0278640197802198
30121,0.0926769392607393,-0.0314862333666334,-0.0384417197802198
30122,0.0884631392607393,-0.00950543336663336,-0.0475083197802198
30123,0.0751194392607393,0.00835396663336663,-0.0520416197802198
30124,0.0575619392607393,0.0234657666333666,-0.0565749197802198
30125,0.0400044392607393,0.0275871666333666,-0.0580860197802198
30126,0.0175308392607393,0.0289609666333666,-0.0550638197802198
30127,-0.00143126073926074,0.0248395666333666,-0.0565749197802198
30128,-0.0203933607392607,0.0124753666333666,-0.0354195197802198
30129,-0.0309278607392607,-0.00126263336663337,-0.0278640197802198
30130,-0.0393554607392607,-0.0163744333666334,-0.0142641197802198
30131,-0.0407600607392607,-0.0314862333666334,-0.00368641978021978
30132,-0.0330347607392607,-0.0397290333666334,0.00235798021978022
